Indicator,CM or BME,Unit,Field,Input type,Options,Method of data collection,Frequency,Method of analysis,Playbooks,Usable,Notes
Volume of water in the structure in monsoon (m3),CM,m,Water level,decimal,,Water level recordings using Staff gauge or Pressure Transducers/Automatic Water Level Recorder; Rain gauge (manual or automatic),Daily,Area x water level x no. of fillings; Baseline is zero as no rainfall runoff was harvested before,Pressure Transducers_Playbook.pdf; Staff Gauge | WELL LABS,yes,
Volume of water in the structure in monsoon (m3),CM,count,Number of fillings,integer,,Water level recordings using Staff gauge or Pressure Transducers/Automatic Water Level Recorder; Rain gauge (manual or automatic),Daily,Area x water level x no. of fillings; Baseline is zero as no rainfall runoff was harvested before,Pressure Transducers_Playbook.pdf; Staff Gauge | WELL LABS,yes,
Volume of water in the structure in monsoon (m3),CM,mm,Rainfall (local measurement),decimal,,Water level recordings using Staff gauge or Pressure Transducers/Automatic Water Level Recorder; Rain gauge (manual or automatic),Daily,Area x water level x no. of fillings; Baseline is zero as no rainfall runoff was harvested before,Pressure Transducers_Playbook.pdf; Staff Gauge | WELL LABS,yes,
Volume of water retained in the structure during post-monsoon,CM,m,Water level,decimal,,Water level recordings using Staff gauge or Automatic Water Level Recorder,Weekly or how quickly water level changes in the structure,Area x water level x no. of fillings; Baseline is zero as no rainfall runoff was harvested before,Pressure Transducers_Playbook.pdf; Staff Gauge | WELL LABS,yes,
Groundwater level,CM,ft bgl,Groundwater level measured through wells,decimal,,Manual water level sounder,Monthly/Seasonal,Water level time series visualization (for each hydrological unit such as ridge vs valley),,yes,
Increase in cropping acreage,one-time,acre,Area under cultivation for rabi season,decimal,,Farmer survey,Seasonal or one-time,Pre and Post Treatment comparison,,yes,
Increase in cropping acreage,one-time,acre,Area under cultivation for zaid season,decimal,,Farmer survey,Seasonal or one-time,Pre and Post Treatment comparison,,yes,
Silt/soil volume deposited in the structure,one-time,m,Silt height in the structure,decimal,,Staff gauge/Measuring tape,After monsoon,Area x height of siltation; Baseline is zero as no rainfall runoff was harvested before,Staff Gauge | WELL LABS,yes,
Volumetric groundwater pumped,CM,liters/sec,Rate of pipe flow,decimal,,Farmer diary,Each irrigation application,Total number of pumping hours x Rate of pipe flow,,yes,
Volumetric groundwater pumped,CM,hours,Number of pumping hours,decimal,,Farmer diary,Each irrigation application,Total number of pumping hours x Rate of pipe flow,,yes,
Volumetric groundwater pumped,CM,m3,Flow meter readings,decimal,,Farmer diary,Each irrigation application,Total number of pumping hours x Rate of pipe flow,,yes,Alternative to rate x hours (OR path)
Irrigation water applied from surface water storage,CM,liters/sec,Rate of pipe flow,decimal,,Farmer diary,Each irrigation application,Total number of pumping hours x Rate of pipe flow,,yes,
Irrigation water applied from surface water storage,CM,hours,Number of pumping hours,decimal,,Farmer diary,Each irrigation application,Total number of pumping hours x Rate of pipe flow,,yes,
Irrigation water applied from surface water storage,CM,m3,Flow meter readings,decimal,,Farmer diary,Each irrigation application,Total number of pumping hours x Rate of pipe flow,,yes,Alternative to rate x hours (OR path)
Irrigation water applied from groundwater,CM,liters/sec,Rate of pipe flow,decimal,,Farmer diary,Each irrigation application,Total number of pumping hours x Rate of pipe flow,,yes,
Irrigation water applied from groundwater,CM,hours,Number of pumping hours,decimal,,Farmer diary,Each irrigation application,Total number of pumping hours x Rate of pipe flow,,yes,
Irrigation water applied from groundwater,CM,m3,Flow meter readings,decimal,,Farmer diary,Each irrigation application,Total number of pumping hours x Rate of pipe flow,,yes,Alternative to rate x hours (OR path)
Irrigation volumetric water savings,CM,liters/sec,Rate of pipe flow,decimal,,Farmer diary,Each irrigation application,Total number of pumping hours x Rate of pipe flow; Control and Treatment plot comparison,Flow Meters_Playbook.pdf,yes,
Irrigation volumetric water savings,CM,hours,Number of pumping hours,decimal,,Farmer diary,Each irrigation application,Total number of pumping hours x Rate of pipe flow; Control and Treatment plot comparison,Flow Meters_Playbook.pdf,yes,
Irrigation volumetric water savings,CM,m3,Flow meter readings,decimal,,Farmer diary,Each irrigation application,Total number of pumping hours x Rate of pipe flow; Control and Treatment plot comparison,Flow Meters_Playbook.pdf,yes,Alternative to rate x hours (OR path)
Soil moisture savings,CM,%,Soil moisture reading,decimal,,Hand-held soil moisture sensor,Every 3-4 days,Savings = Soil moisture (%) x Root zone thickness (cm) x Area (m2); Control and Treatment plot comparison,Soil Moisture Sensor_Playbook.pdf,yes,Sample at multiple locations in a single agriculture plot
Crop yield,BME,quintals or kg,Season-wise total yield for crop cultivated,decimal,,Farmer survey (retrospective recall-basis),Once per survey round (baseline/midline/endline),Control and Treatment plot comparison; or Pre and Post Treatment plot comparison,,yes,Collect per season as applicable (kharif/rabi/zaid/perennial/horticulture/tree plantations)
Revenue/Profit per acre,BME,categorical,Season / crop type,text,,Farmer survey (retrospective recall-basis),Once per survey round (baseline/midline/endline),Revenue (Rs./acre)=(Yield×Sale price)÷Area; Profit=Revenue−(Input costs÷Area); Crop water productivity (Rs./m3)=(Yield×Sale price)÷Irrigation water applied (m3),,yes,
Revenue/Profit per acre,BME,quintals or kg,Yield,decimal,,Farmer survey (retrospective recall-basis),Once per survey round (baseline/midline/endline),Revenue (Rs./acre)=(Yield×Sale price)÷Area; Profit=Revenue−(Input costs÷Area); Crop water productivity (Rs./m3)=(Yield×Sale price)÷Irrigation water applied (m3),,yes,
Revenue/Profit per acre,BME,Rs./quintal or kg,Sale price,decimal,,Farmer survey (retrospective recall-basis),Once per survey round (baseline/midline/endline),Revenue (Rs./acre)=(Yield×Sale price)÷Area; Profit=Revenue−(Input costs÷Area); Crop water productivity (Rs./m3)=(Yield×Sale price)÷Irrigation water applied (m3),,yes,
Revenue/Profit per acre,BME,acres/bigha,Area under cultivation,decimal,,Farmer survey (retrospective recall-basis),Once per survey round (baseline/midline/endline),Revenue (Rs./acre)=(Yield×Sale price)÷Area; Profit=Revenue−(Input costs÷Area); Crop water productivity (Rs./m3)=(Yield×Sale price)÷Irrigation water applied (m3),,yes,
Revenue/Profit per acre,BME,Rs.,Input costs — seeds,decimal,,Farmer survey (retrospective recall-basis),Once per survey round (baseline/midline/endline),Revenue (Rs./acre)=(Yield×Sale price)÷Area; Profit=Revenue−(Input costs÷Area); Crop water productivity (Rs./m3)=(Yield×Sale price)÷Irrigation water applied (m3),,yes,
Revenue/Profit per acre,BME,Rs.,Input costs — fertiliser & pesticide,decimal,,Farmer survey (retrospective recall-basis),Once per survey round (baseline/midline/endline),Revenue (Rs./acre)=(Yield×Sale price)÷Area; Profit=Revenue−(Input costs÷Area); Crop water productivity (Rs./m3)=(Yield×Sale price)÷Irrigation water applied (m3),,yes,
Revenue/Profit per acre,BME,Rs.,Input costs — weeding / herbicide,decimal,,Farmer survey (retrospective recall-basis),Once per survey round (baseline/midline/endline),Revenue (Rs./acre)=(Yield×Sale price)÷Area; Profit=Revenue−(Input costs÷Area); Crop water productivity (Rs./m3)=(Yield×Sale price)÷Irrigation water applied (m3),,yes,
Revenue/Profit per acre,BME,Rs.,Input costs — labour,decimal,,Farmer survey (retrospective recall-basis),Once per survey round (baseline/midline/endline),Revenue (Rs./acre)=(Yield×Sale price)÷Area; Profit=Revenue−(Input costs÷Area); Crop water productivity (Rs./m3)=(Yield×Sale price)÷Irrigation water applied (m3),,yes,
Revenue/Profit per acre,BME,Rs.,Input costs — diesel,decimal,,Farmer survey (retrospective recall-basis),Once per survey round (baseline/midline/endline),Revenue (Rs./acre)=(Yield×Sale price)÷Area; Profit=Revenue−(Input costs÷Area); Crop water productivity (Rs./m3)=(Yield×Sale price)÷Irrigation water applied (m3),,yes,
Revenue/Profit per acre,BME,Rs.,Input costs — electricity,decimal,,Farmer survey (retrospective recall-basis),Once per survey round (baseline/midline/endline),Revenue (Rs./acre)=(Yield×Sale price)÷Area; Profit=Revenue−(Input costs÷Area); Crop water productivity (Rs./m3)=(Yield×Sale price)÷Irrigation water applied (m3),,yes,
Revenue/Profit per acre,BME,Rs.,Input costs — pump-leasing,decimal,,Farmer survey (retrospective recall-basis),Once per survey round (baseline/midline/endline),Revenue (Rs./acre)=(Yield×Sale price)÷Area; Profit=Revenue−(Input costs÷Area); Crop water productivity (Rs./m3)=(Yield×Sale price)÷Irrigation water applied (m3),,yes,
Revenue/Profit per acre,BME,Rs.,Input costs — other,decimal,,Farmer survey (retrospective recall-basis),Once per survey round (baseline/midline/endline),Revenue (Rs./acre)=(Yield×Sale price)÷Area; Profit=Revenue−(Input costs÷Area); Crop water productivity (Rs./m3)=(Yield×Sale price)÷Irrigation water applied (m3),,yes,
Crop yield (season of silt application),BME,quintals or kg,Season-wise total yield for crop cultivated post silt application,decimal,,Farmer survey (retrospective recall-basis),Once per survey round (baseline/midline/endline),Control and Treatment plot comparison; or Pre and Post Treatment plot comparison,,yes,
Revenue/Profit per acre (season of silt application),BME,categorical,Season / crop type,text,,Farmer survey (retrospective recall-basis),Once per survey round (baseline/midline/endline),Revenue (Rs./acre)=(Yield×Sale price)÷Area; Profit=Revenue−(Input costs÷Area),,yes,
Revenue/Profit per acre (season of silt application),BME,quintals or kg,Yield,decimal,,Farmer survey (retrospective recall-basis),Once per survey round (baseline/midline/endline),Revenue (Rs./acre)=(Yield×Sale price)÷Area; Profit=Revenue−(Input costs÷Area),,yes,
Revenue/Profit per acre (season of silt application),BME,Rs./quintal or kg,Sale price,decimal,,Farmer survey (retrospective recall-basis),Once per survey round (baseline/midline/endline),Revenue (Rs./acre)=(Yield×Sale price)÷Area; Profit=Revenue−(Input costs÷Area),,yes,
Revenue/Profit per acre (season of silt application),BME,acres/bigha,Area under cultivation,decimal,,Farmer survey (retrospective recall-basis),Once per survey round (baseline/midline/endline),Revenue (Rs./acre)=(Yield×Sale price)÷Area; Profit=Revenue−(Input costs÷Area),,yes,
Revenue/Profit per acre (season of silt application),BME,Rs.,Input costs — seeds,decimal,,Farmer survey (retrospective recall-basis),Once per survey round (baseline/midline/endline),Revenue (Rs./acre)=(Yield×Sale price)÷Area; Profit=Revenue−(Input costs÷Area),,yes,
Revenue/Profit per acre (season of silt application),BME,Rs.,Input costs — fertiliser & pesticide,decimal,,Farmer survey (retrospective recall-basis),Once per survey round (baseline/midline/endline),Revenue (Rs./acre)=(Yield×Sale price)÷Area; Profit=Revenue−(Input costs÷Area),,yes,
Revenue/Profit per acre (season of silt application),BME,Rs.,Input costs — weeding / herbicide,decimal,,Farmer survey (retrospective recall-basis),Once per survey round (baseline/midline/endline),Revenue (Rs./acre)=(Yield×Sale price)÷Area; Profit=Revenue−(Input costs÷Area),,yes,
Revenue/Profit per acre (season of silt application),BME,Rs.,Input costs — labour,decimal,,Farmer survey (retrospective recall-basis),Once per survey round (baseline/midline/endline),Revenue (Rs./acre)=(Yield×Sale price)÷Area; Profit=Revenue−(Input costs÷Area),,yes,
Revenue/Profit per acre (season of silt application),BME,Rs.,Input costs — diesel,decimal,,Farmer survey (retrospective recall-basis),Once per survey round (baseline/midline/endline),Revenue (Rs./acre)=(Yield×Sale price)÷Area; Profit=Revenue−(Input costs÷Area),,yes,
Revenue/Profit per acre (season of silt application),BME,Rs.,Input costs — electricity,decimal,,Farmer survey (retrospective recall-basis),Once per survey round (baseline/midline/endline),Revenue (Rs./acre)=(Yield×Sale price)÷Area; Profit=Revenue−(Input costs÷Area),,yes,
Revenue/Profit per acre (season of silt application),BME,Rs.,Input costs — pump-leasing,decimal,,Farmer survey (retrospective recall-basis),Once per survey round (baseline/midline/endline),Revenue (Rs./acre)=(Yield×Sale price)÷Area; Profit=Revenue−(Input costs÷Area),,yes,
Revenue/Profit per acre (season of silt application),BME,Rs.,Input costs — other,decimal,,Farmer survey (retrospective recall-basis),Once per survey round (baseline/midline/endline),Revenue (Rs./acre)=(Yield×Sale price)÷Area; Profit=Revenue−(Input costs÷Area),,yes,
Change in crop-mix,BME,categorical,List of crops grown by season,text,,Farmer survey (retrospective recall-basis),Once per survey round (baseline/midline/endline),Pre and Post treatment plot comparison,,yes,Free text or repeat group per season; not a fixed select list in source
Drinking and domestic water sources availability,BME,categorical,Primary source for drinking and domestic water,select_multiple,"piped_on_premises=Piped water inside dwelling, yard, or plot (on premises) | public_tap=Public taps or standpipe(s) near the house | borehole=Boreholes / tube-wells inside or outside the house | dug_well=Dug well(s) for drinking and domestic water | protected_spring=Protected springs | packaged_water=Packaged water | rainwater=Rainwater collected inside or near the home | farm_pond=Farm pond that I own | check_dam=Water from the check dam | canal=Canal water | surface_water=Surface water (lakes, streams, river, springs, etc.) | tanker=Water tankers | other=Other (please specify)",Farmer survey (retrospective recall-basis),Once per survey round (baseline/midline/endline),,,yes,☐ multi select
Drinking and domestic water sources availability,BME,months,No. of months each primary source is available in a year,integer,,Farmer survey (retrospective recall-basis),Once per survey round (baseline/midline/endline),,,yes,Collect per selected primary source if possible
Drinking and domestic water sources availability,BME,categorical,Secondary source for drinking and domestic water,select_multiple,"piped_on_premises=Piped water inside dwelling, yard, or plot (on premises) | public_tap=Public taps or standpipe(s) near the house | borehole=Boreholes / tube-wells inside or outside the house | dug_well=Dug well(s) for drinking and domestic water | protected_spring=Protected springs | packaged_water=Packaged water | rainwater=Rainwater collected inside or near the home | farm_pond=Farm pond that I own | check_dam=Water from the check dam | canal=Canal water | surface_water=Surface water (lakes, streams, river, springs, etc.) | tanker=Water tankers | other=Other (please specify)",Farmer survey (retrospective recall-basis),Once per survey round (baseline/midline/endline),,,yes,☐ multi select
Drinking and domestic water sources availability,BME,months,No. of months each secondary source is available in a year,integer,,Farmer survey (retrospective recall-basis),Once per survey round (baseline/midline/endline),,,yes,
Drinking and domestic water sources availability,BME,categorical,Is primary source adequately available when needed?,select_one,"yes_enough=Yes, my household is able to access enough quantity of water when needed | never_enough=No, my household is never able to access enough quantity of water when needed | seasonal_trouble=Trouble accessing enough water during certain times of the year (e.g. summer) | other=Other (please specify)",Farmer survey (retrospective recall-basis),Once per survey round (baseline/midline/endline),,,yes,◯ single select — NOT yes/no (4 options including seasonal trouble)
Drinking and domestic water sources availability,BME,categorical,Is secondary source adequately available when needed?,select_one,"yes_enough=Yes, my household is able to access enough quantity of water when needed | never_enough=No, my household is never able to access enough quantity of water when needed | seasonal_trouble=Trouble accessing enough water during certain times of the year (e.g. summer) | other=Other (please specify)",Farmer survey (retrospective recall-basis),Once per survey round (baseline/midline/endline),,,yes,◯ single select — NOT yes/no (4 options including seasonal trouble)
Household migration for work,BME,count,No. of household members migrating outside the village for work,integer,,Farmer survey (retrospective recall-basis),Once per survey round (baseline/midline/endline),Pre and Post treatment comparison,,yes,
Household migration for work,BME,months,No. of months migrated per year,integer,,Farmer survey (retrospective recall-basis),Once per survey round (baseline/midline/endline),Pre and Post treatment comparison,,yes,
Livelihoods adopted — livestock/poultry/fisheries/aquatic cultivation,BME,count,No. of cows reared,integer,,Farmer survey (retrospective recall-basis),Once per survey round (baseline/midline/endline),Pre and Post treatment comparison; Baseline is zero as there was no other form of livelihood existing,,yes,Source listed these as recommendations; treated as collectable fields
Livelihoods adopted — livestock/poultry/fisheries/aquatic cultivation,BME,count,No. of buffaloes reared,integer,,Farmer survey (retrospective recall-basis),Once per survey round (baseline/midline/endline),Pre and Post treatment comparison; Baseline is zero as there was no other form of livelihood existing,,yes,Source listed these as recommendations; treated as collectable fields
Livelihoods adopted — livestock/poultry/fisheries/aquatic cultivation,BME,count,No. of goats reared,integer,,Farmer survey (retrospective recall-basis),Once per survey round (baseline/midline/endline),Pre and Post treatment comparison; Baseline is zero as there was no other form of livelihood existing,,yes,Source listed these as recommendations; treated as collectable fields
Livelihoods adopted — livestock/poultry/fisheries/aquatic cultivation,BME,count,No. of hens reared,integer,,Farmer survey (retrospective recall-basis),Once per survey round (baseline/midline/endline),Pre and Post treatment comparison; Baseline is zero as there was no other form of livelihood existing,,yes,Source listed these as recommendations; treated as collectable fields
Livelihoods adopted — livestock/poultry/fisheries/aquatic cultivation,BME,count,No. of roosters reared,integer,,Farmer survey (retrospective recall-basis),Once per survey round (baseline/midline/endline),Pre and Post treatment comparison; Baseline is zero as there was no other form of livelihood existing,,yes,Source listed these as recommendations; treated as collectable fields
Livelihoods adopted — livestock/poultry/fisheries/aquatic cultivation,BME,count,No. of cows owned,integer,,Farmer survey (retrospective recall-basis),Once per survey round (baseline/midline/endline),Pre and Post treatment comparison; Baseline is zero as there was no other form of livelihood existing,,yes,Source listed these as recommendations; treated as collectable fields
Livelihoods adopted — livestock/poultry/fisheries/aquatic cultivation,BME,count,No. of buffaloes owned,integer,,Farmer survey (retrospective recall-basis),Once per survey round (baseline/midline/endline),Pre and Post treatment comparison; Baseline is zero as there was no other form of livelihood existing,,yes,Source listed these as recommendations; treated as collectable fields
Livelihoods adopted — livestock/poultry/fisheries/aquatic cultivation,BME,count,No. of goats owned,integer,,Farmer survey (retrospective recall-basis),Once per survey round (baseline/midline/endline),Pre and Post treatment comparison; Baseline is zero as there was no other form of livelihood existing,,yes,Source listed these as recommendations; treated as collectable fields
Livelihoods adopted — livestock/poultry/fisheries/aquatic cultivation,BME,count,No. of hens owned,integer,,Farmer survey (retrospective recall-basis),Once per survey round (baseline/midline/endline),Pre and Post treatment comparison; Baseline is zero as there was no other form of livelihood existing,,yes,Source listed these as recommendations; treated as collectable fields
Livelihoods adopted — livestock/poultry/fisheries/aquatic cultivation,BME,count,No. of roosters owned,integer,,Farmer survey (retrospective recall-basis),Once per survey round (baseline/midline/endline),Pre and Post treatment comparison; Baseline is zero as there was no other form of livelihood existing,,yes,Source listed these as recommendations; treated as collectable fields
Livelihoods adopted — livestock/poultry/fisheries/aquatic cultivation,BME,categorical,Types of fish reared,text,,Farmer survey (retrospective recall-basis),Once per survey round (baseline/midline/endline),Pre and Post treatment comparison; Baseline is zero as there was no other form of livelihood existing,,yes,Source listed these as recommendations; treated as collectable fields
Livelihoods adopted — livestock/poultry/fisheries/aquatic cultivation,BME,yes=Yes | no=No,Foxnut cultivated,select_one_yes_no,yes=Yes | no=No,Farmer survey (retrospective recall-basis),Once per survey round (baseline/midline/endline),Pre and Post treatment comparison; Baseline is zero as there was no other form of livelihood existing,,yes,Source listed these as recommendations; treated as collectable fields
Livelihoods adopted — livestock/poultry/fisheries/aquatic cultivation,BME,yes=Yes | no=No,Water chestnut cultivated,select_one_yes_no,yes=Yes | no=No,Farmer survey (retrospective recall-basis),Once per survey round (baseline/midline/endline),Pre and Post treatment comparison; Baseline is zero as there was no other form of livelihood existing,,yes,Source listed these as recommendations; treated as collectable fields
Income derived from additional livelihoods — livestock/poultry/fisheries/aquatic cultivation,BME,litres,Quantity of milk sold,decimal,,Farmer survey (retrospective recall-basis),Once per survey round (baseline/midline/endline),Livestock/fisheries/aquatic income formulas; Pre and Post treatment comparison,,yes,Species-wise where applicable; recommendation list made explicit as fields
Income derived from additional livelihoods — livestock/poultry/fisheries/aquatic cultivation,BME,count,No. of livestock sold (by type),integer,,Farmer survey (retrospective recall-basis),Once per survey round (baseline/midline/endline),Livestock/fisheries/aquatic income formulas; Pre and Post treatment comparison,,yes,Species-wise where applicable; recommendation list made explicit as fields
Income derived from additional livelihoods — livestock/poultry/fisheries/aquatic cultivation,BME,unit,"Quantity of by-products sold (manure/dung, wool/hide)",decimal,,Farmer survey (retrospective recall-basis),Once per survey round (baseline/midline/endline),Livestock/fisheries/aquatic income formulas; Pre and Post treatment comparison,,yes,Species-wise where applicable; recommendation list made explicit as fields
Income derived from additional livelihoods — livestock/poultry/fisheries/aquatic cultivation,BME,quintals,Quantity of fodder sold,decimal,,Farmer survey (retrospective recall-basis),Once per survey round (baseline/midline/endline),Livestock/fisheries/aquatic income formulas; Pre and Post treatment comparison,,yes,Species-wise where applicable; recommendation list made explicit as fields
Income derived from additional livelihoods — livestock/poultry/fisheries/aquatic cultivation,BME,count,No. of poultry birds sold,integer,,Farmer survey (retrospective recall-basis),Once per survey round (baseline/midline/endline),Livestock/fisheries/aquatic income formulas; Pre and Post treatment comparison,,yes,Species-wise where applicable; recommendation list made explicit as fields
Income derived from additional livelihoods — livestock/poultry/fisheries/aquatic cultivation,BME,count,No. of eggs sold,integer,,Farmer survey (retrospective recall-basis),Once per survey round (baseline/midline/endline),Livestock/fisheries/aquatic income formulas; Pre and Post treatment comparison,,yes,Species-wise where applicable; recommendation list made explicit as fields
Income derived from additional livelihoods — livestock/poultry/fisheries/aquatic cultivation,BME,kg,Quantity of fish harvested,decimal,,Farmer survey (retrospective recall-basis),Once per survey round (baseline/midline/endline),Livestock/fisheries/aquatic income formulas; Pre and Post treatment comparison,,yes,Species-wise where applicable; recommendation list made explicit as fields
Income derived from additional livelihoods — livestock/poultry/fisheries/aquatic cultivation,BME,Rs.,Fish — diesel cost for pumping GW,decimal,,Farmer survey (retrospective recall-basis),Once per survey round (baseline/midline/endline),Livestock/fisheries/aquatic income formulas; Pre and Post treatment comparison,,yes,Species-wise where applicable; recommendation list made explicit as fields
Income derived from additional livelihoods — livestock/poultry/fisheries/aquatic cultivation,BME,Rs.,Fish — diesel pump leasing cost,decimal,,Farmer survey (retrospective recall-basis),Once per survey round (baseline/midline/endline),Livestock/fisheries/aquatic income formulas; Pre and Post treatment comparison,,yes,Species-wise where applicable; recommendation list made explicit as fields
Income derived from additional livelihoods — livestock/poultry/fisheries/aquatic cultivation,BME,Rs.,Fish — electricity cost,decimal,,Farmer survey (retrospective recall-basis),Once per survey round (baseline/midline/endline),Livestock/fisheries/aquatic income formulas; Pre and Post treatment comparison,,yes,Species-wise where applicable; recommendation list made explicit as fields
Income derived from additional livelihoods — livestock/poultry/fisheries/aquatic cultivation,BME,Rs./kg,Fish — sale price,decimal,,Farmer survey (retrospective recall-basis),Once per survey round (baseline/midline/endline),Livestock/fisheries/aquatic income formulas; Pre and Post treatment comparison,,yes,Species-wise where applicable; recommendation list made explicit as fields
Income derived from additional livelihoods — livestock/poultry/fisheries/aquatic cultivation,BME,Rs.,Fish — seed costs,decimal,,Farmer survey (retrospective recall-basis),Once per survey round (baseline/midline/endline),Livestock/fisheries/aquatic income formulas; Pre and Post treatment comparison,,yes,Species-wise where applicable; recommendation list made explicit as fields
Income derived from additional livelihoods — livestock/poultry/fisheries/aquatic cultivation,BME,Rs.,Fish — feed costs,decimal,,Farmer survey (retrospective recall-basis),Once per survey round (baseline/midline/endline),Livestock/fisheries/aquatic income formulas; Pre and Post treatment comparison,,yes,Species-wise where applicable; recommendation list made explicit as fields
Income derived from additional livelihoods — livestock/poultry/fisheries/aquatic cultivation,BME,Rs.,Fish — other costs,decimal,,Farmer survey (retrospective recall-basis),Once per survey round (baseline/midline/endline),Livestock/fisheries/aquatic income formulas; Pre and Post treatment comparison,,yes,Species-wise where applicable; recommendation list made explicit as fields
Income derived from additional livelihoods — livestock/poultry/fisheries/aquatic cultivation,BME,kg,Quantity of foxnut/water chestnut harvested,decimal,,Farmer survey (retrospective recall-basis),Once per survey round (baseline/midline/endline),Livestock/fisheries/aquatic income formulas; Pre and Post treatment comparison,,yes,Species-wise where applicable; recommendation list made explicit as fields
Income derived from additional livelihoods — livestock/poultry/fisheries/aquatic cultivation,BME,Rs.,Aquatic — diesel cost for pumping GW,decimal,,Farmer survey (retrospective recall-basis),Once per survey round (baseline/midline/endline),Livestock/fisheries/aquatic income formulas; Pre and Post treatment comparison,,yes,Species-wise where applicable; recommendation list made explicit as fields
Income derived from additional livelihoods — livestock/poultry/fisheries/aquatic cultivation,BME,Rs.,Aquatic — diesel pump leasing cost,decimal,,Farmer survey (retrospective recall-basis),Once per survey round (baseline/midline/endline),Livestock/fisheries/aquatic income formulas; Pre and Post treatment comparison,,yes,Species-wise where applicable; recommendation list made explicit as fields
Income derived from additional livelihoods — livestock/poultry/fisheries/aquatic cultivation,BME,Rs.,Aquatic — electricity cost,decimal,,Farmer survey (retrospective recall-basis),Once per survey round (baseline/midline/endline),Livestock/fisheries/aquatic income formulas; Pre and Post treatment comparison,,yes,Species-wise where applicable; recommendation list made explicit as fields
Income derived from additional livelihoods — livestock/poultry/fisheries/aquatic cultivation,BME,Rs./kg,Aquatic — sale price,decimal,,Farmer survey (retrospective recall-basis),Once per survey round (baseline/midline/endline),Livestock/fisheries/aquatic income formulas; Pre and Post treatment comparison,,yes,Species-wise where applicable; recommendation list made explicit as fields
Income derived from additional livelihoods — livestock/poultry/fisheries/aquatic cultivation,BME,Rs.,Aquatic — seed costs,decimal,,Farmer survey (retrospective recall-basis),Once per survey round (baseline/midline/endline),Livestock/fisheries/aquatic income formulas; Pre and Post treatment comparison,,yes,Species-wise where applicable; recommendation list made explicit as fields
Income derived from additional livelihoods — livestock/poultry/fisheries/aquatic cultivation,BME,Rs.,Aquatic — feed costs,decimal,,Farmer survey (retrospective recall-basis),Once per survey round (baseline/midline/endline),Livestock/fisheries/aquatic income formulas; Pre and Post treatment comparison,,yes,Species-wise where applicable; recommendation list made explicit as fields
Income derived from additional livelihoods — livestock/poultry/fisheries/aquatic cultivation,BME,Rs.,Aquatic — labour costs,decimal,,Farmer survey (retrospective recall-basis),Once per survey round (baseline/midline/endline),Livestock/fisheries/aquatic income formulas; Pre and Post treatment comparison,,yes,Species-wise where applicable; recommendation list made explicit as fields
Income derived from additional livelihoods — livestock/poultry/fisheries/aquatic cultivation,BME,Rs.,Aquatic — other costs,decimal,,Farmer survey (retrospective recall-basis),Once per survey round (baseline/midline/endline),Livestock/fisheries/aquatic income formulas; Pre and Post treatment comparison,,yes,Species-wise where applicable; recommendation list made explicit as fields
% of households having access to adequate drinking water (hydrological unit),BME,%,Derived aggregate from adequacy responses,derived,,Farmer survey (retrospective recall-basis),Once per survey round (baseline/midline/endline),"(No. of HH reporting ""Yes, enough when needed"") ÷ (Total HH surveyed) × 100 for primary and secondary",,no,Not a survey question — computed in analysis from adequacy select_one answers
(Excluded) Livelihood enhancement — to be covered later,BME,,,text,,,,,,no,Placeholder — not a usable indicator
(Excluded) What can be the indicator here?,BME,,,text,,,,,,no,Placeholder from outcomes catalog — not a usable indicator
(Excluded) Recommendation disclaimer,BME,,,text,,,,,,no,"'(This is not an exhaustive list, and purely a recommendation.)' is not an indicator"
