District,Structure,Village name,Latitude,Longitude,Area of pond (m2),Maximum WL height (m),"Date of reading ","Rainfall (mm) ",Water level (m)
Medak,Farm pond,Narsampally,17.84272,78.543675,144,3.048,01-06-2025,1.4
Medak,esdx,Narsampally,17.84272,78.543675,144,3.048,02-06-2025,0.2
Medak,Farm pond,Narsampally,17.84272,78.543675,144,3.048,03-06-2025,0.3
Medak,Farm pond,Narsampally,17.84272,78.543675,144,3.048,04-06-2025,0,2.377
Medak,Farm pond,Narsampally,17.84272,78.543675,144,3.048,05-06-2025,0,2.393
Medak,Farm pond,Narsampally,17.84272,78.543675,144,3.048,06-06-2025,0
Medak,Farm pond,Narsampally,17.84272,78.543675,144,3.048,07-06-2025,0
Medak,Farm pond,Narsampally,17.84272,78.543675,144,3.048,08-06-2025,0
Medak,Farm pond,Narsampally,17.84272,78.543675,144,3.048,09-06-2025,0,2.164
Medak,Farm pond,Narsampally,17.84272,78.543675,144,3.048,10-06-2025,0,2.438
Medak,Farm pond,Narsampally,17.84272,78.543675,144,3.048,11-06-2025,0.2,2.438
Medak,Farm pond,Narsampally,17.84272,78.543675,144,3.048,12-06-2025,30.3,2.743
Medak,Farm pond,Narsampally,17.84272,78.543675,144,3.048,13-06-2025,0,2.438
Medak,Farm pond,Narsampally,17.84272,78.543675,144,3.048,14-06-2025,0,2.438
Medak,Farm pond,Narsampally,17.84272,78.543675,144,3.048,15-06-2025,0.1,2.438
Medak,Farm pond,Narsampally,17.84272,78.543675,144,3.048,16-06-2025,0,2.56
Medak,Farm pond,Narsampally,17.84272,78.543675,144,3.048,17-06-2025,0,2.56
Medak,Farm pond,Narsampally,17.84272,78.543675,144,3.048,18-06-2025,0,2.56
Medak,Farm pond,Narsampally,17.84272,78.543675,144,3.048,19-06-2025,0,2.56
Medak,Farm pond,Narsampally,17.84272,78.543675,144,3.048,20-06-2025,6.2,2.499
Medak,Farm pond,Narsampally,17.84272,78.543675,144,3.048,21-06-2025,0,2.438
Medak,Farm pond,Narsampally,17.84272,78.543675,144,3.048,22-06-2025,0,2.438
Medak,Farm pond,Narsampally,17.84272,78.543675,144,3.048,23-06-2025,0,2.438
Medak,Farm pond,Narsampally,17.84272,78.543675,144,3.048,24-06-2025,0.1,2.408
Medak,Farm pond,Narsampally,17.84272,78.543675,144,3.048,25-06-2025,15.7,2.438
Medak,Farm pond,Narsampally,17.84272,78.543675,144,3.048,26-06-2025,9.3,2.499
Medak,Farm pond,Narsampally,17.84272,78.543675,144,3.048,27-06-2025,0,2.469
Medak,Farm pond,Narsampally,17.84272,78.543675,144,3.048,28-06-2025,0,2.438
Medak,Farm pond,Narsampally,17.84272,78.543675,144,3.048,29-06-2025,2.2
Medak,Farm pond,Narsampally,17.84272,78.543675,144,3.048,30-06-2025,21.7,2.438
Medak,Farm pond,Narsampally,17.84272,78.543675,144,3.048,01-07-2025,12.1,2.713
Medak,Farm pond,Narsampally,17.84272,78.543675,144,3.048,02-07-2025,5.9,3.048
Medak,Farm pond,Narsampally,17.84272,78.543675,144,3.048,03-07-2025,0,3.048
Medak,Farm pond,Narsampally,17.84272,78.543675,144,3.048,04-07-2025,0.1,3.048
Medak,Farm pond,Narsampally,17.84272,78.543675,144,3.048,05-07-2025,0
Medak,Farm pond,Narsampally,17.84272,78.543675,144,3.048,06-07-2025,1.2
Medak,Farm pond,Narsampally,17.84272,78.543675,144,3.048,07-07-2025,2.8,3.048
Medak,Farm pond,Narsampally,17.84272,78.543675,144,3.048,08-07-2025,0,2.987
Medak,Farm pond,Narsampally,17.84272,78.543675,144,3.048,09-07-2025,0,2.987
Medak,Farm pond,Narsampally,17.84272,78.543675,144,3.048,10-07-2025,0,2.438
Medak,Farm pond,Narsampally,17.84272,78.543675,144,3.048,11-07-2025,0,2.134
Medak,Farm pond,Narsampally,17.84272,78.543675,144,3.048,12-07-2025,0,1.707
Medak,Farm pond,Narsampally,17.84272,78.543675,144,3.048,13-07-2025,0
Medak,Farm pond,Narsampally,17.84272,78.543675,144,3.048,14-07-2025,0,1.676
Medak,Farm pond,Narsampally,17.84272,78.543675,144,3.048,15-07-2025,17.5
Medak,Farm pond,Narsampally,17.84272,78.543675,144,3.048,16-07-2025,17.6,2.438
Medak,Farm pond,Narsampally,17.84272,78.543675,144,3.048,17-07-2025,0
Medak,Farm pond,Narsampally,17.84272,78.543675,144,3.048,18-07-2025,39.7,2.957
Medak,Farm pond,Narsampally,17.84272,78.543675,144,3.048,19-07-2025,0
Medak,Farm pond,Narsampally,17.84272,78.543675,144,3.048,20-07-2025,5.1,3.048
Medak,Farm pond,Narsampally,17.84272,78.543675,144,3.048,21-07-2025,2.3
Medak,Farm pond,Narsampally,17.84272,78.543675,144,3.048,22-07-2025,0
Medak,Farm pond,Narsampally,17.84272,78.543675,144,3.048,23-07-2025,33.6,3.048
Medak,Farm pond,Narsampally,17.84272,78.543675,144,3.048,24-07-2025,12.7,3.048
Medak,Farm pond,Narsampally,17.84272,78.543675,144,3.048,25-07-2025,14.7,3.048
Medak,Farm pond,Narsampally,17.84272,78.543675,144,3.048,26-07-2025,7.1,3.048
Medak,Farm pond,Narsampally,17.84272,78.543675,144,3.048,27-07-2025,0,3.048
Medak,Farm pond,Narsampally,17.84272,78.543675,144,3.048,28-07-2025,0.8
Medak,Farm pond,Narsampally,17.84272,78.543675,144,3.048,29-07-2025,0.4
Medak,Farm pond,Narsampally,17.84272,78.543675,144,3.048,30-07-2025,3.2
Medak,Farm pond,Narsampally,17.84272,78.543675,144,3.048,31-07-2025,0.2
Medak,Farm pond,Narsampally,17.84272,78.543675,144,3.048,01-08-2025,0,3.048
Medak,Farm pond,Narsampally,17.84272,78.543675,144,3.048,02-08-2025,0,3.048
Medak,Farm pond,Narsampally,17.84272,78.543675,144,3.048,03-08-2025,0
Medak,Farm pond,Narsampally,17.84272,78.543675,144,3.048,04-08-2025,0.1,3.018
Medak,Farm pond,Narsampally,17.84272,78.543675,144,3.048,05-08-2025,2.4,3.048
Medak,Farm pond,Narsampally,17.84272,78.543675,144,3.048,06-08-2025,0,3.048
Medak,Farm pond,Narsampally,17.84272,78.543675,144,3.048,07-08-2025,34.6,3.048
Medak,Farm pond,Narsampally,17.84272,78.543675,144,3.048,08-08-2025,6.5
Medak,Farm pond,Narsampally,17.84272,78.543675,144,3.048,09-08-2025,14.4,3.048
Medak,Farm pond,Narsampally,17.84272,78.543675,144,3.048,10-08-2025,8.5
Medak,Farm pond,Narsampally,17.84272,78.543675,144,3.048,11-08-2025,2.8,3.048
Medak,Farm pond,Narsampally,17.84272,78.543675,144,3.048,12-08-2025,4
Medak,Farm pond,Narsampally,17.84272,78.543675,144,3.048,13-08-2025,7,3.048
Medak,Farm pond,Narsampally,17.84272,78.543675,144,3.048,14-08-2025,3,3.048
Medak,Farm pond,Narsampally,17.84272,78.543675,144,3.048,15-08-2025,11.1,3.048
Medak,Farm pond,Narsampally,17.84272,78.543675,144,3.048,16-08-2025,2
Medak,Farm pond,Narsampally,17.84272,78.543675,144,3.048,17-08-2025,50.7
Medak,Farm pond,Narsampally,17.84272,78.543675,144,3.048,18-08-2025,59.1
Medak,Farm pond,Narsampally,17.84272,78.543675,144,3.048,19-08-2025,11.5
Medak,Farm pond,Narsampally,17.84272,78.543675,144,3.048,20-08-2025,0.1,3.048
Medak,Farm pond,Narsampally,17.84272,78.543675,144,3.048,21-08-2025,0,3.048
Medak,Farm pond,Narsampally,17.84272,78.543675,144,3.048,22-08-2025,0
Medak,Farm pond,Narsampally,17.84272,78.543675,144,3.048,23-08-2025,0,3.048
Medak,Farm pond,Narsampally,17.84272,78.543675,144,3.048,24-08-2025,0
Medak,Farm pond,Narsampally,17.84272,78.543675,144,3.048,25-08-2025,0,3.048
Medak,Farm pond,Narsampally,17.84272,78.543675,144,3.048,26-08-2025,6.3
Medak,Farm pond,Narsampally,17.84272,78.543675,144,3.048,27-08-2025,108.4
Medak,Farm pond,Narsampally,17.84272,78.543675,144,3.048,28-08-2025,32.9,3.048
Medak,Farm pond,Narsampally,17.84272,78.543675,144,3.048,29-08-2025,14.2,3.048
Medak,Farm pond,Narsampally,17.84272,78.543675,144,3.048,30-08-2025,0
Medak,Farm pond,Narsampally,17.84272,78.543675,144,3.048,31-08-2025,0
Medak,Farm pond,Narsampally,17.84272,78.543675,144,3.048,01-09-2025,1.8,3.048
Medak,Farm pond,Narsampally,17.84272,78.543675,144,3.048,02-09-2025,1.7
Medak,Farm pond,Narsampally,17.84272,78.543675,144,3.048,03-09-2025,0.9,3.048
Medak,Farm pond,Narsampally,17.84272,78.543675,144,3.048,04-09-2025,0,3.048
Medak,Farm pond,Narsampally,17.84272,78.543675,144,3.048,05-09-2025,1.2,3.048
Medak,Farm pond,Narsampally,17.84272,78.543675,144,3.048,06-09-2025,0.1,3.048
Medak,Farm pond,Narsampally,17.84272,78.543675,144,3.048,07-09-2025,0
Medak,Farm pond,Narsampally,17.84272,78.543675,144,3.048,08-09-2025,0,3.048
Medak,Farm pond,Narsampally,17.84272,78.543675,144,3.048,09-09-2025,0
Medak,Farm pond,Narsampally,17.84272,78.543675,144,3.048,10-09-2025,0,3.048
Medak,Farm pond,Narsampally,17.84272,78.543675,144,3.048,11-09-2025,11.5,3.048
Medak,Farm pond,Narsampally,17.84272,78.543675,144,3.048,12-09-2025,2.3,3.048
Medak,Farm pond,Narsampally,17.84272,78.543675,144,3.048,13-09-2025,5.7
Medak,Farm pond,Narsampally,17.84272,78.543675,144,3.048,14-09-2025,77.6
Medak,Farm pond,Narsampally,17.84272,78.543675,144,3.048,15-09-2025,0.3,3.048
Medak,Farm pond,Narsampally,17.84272,78.543675,144,3.048,16-09-2025,0.4,3.048
Medak,Farm pond,Narsampally,17.84272,78.543675,144,3.048,17-09-2025,9.7,3.048
Medak,Farm pond,Narsampally,17.84272,78.543675,144,3.048,18-09-2025,10.6
Medak,Farm pond,Narsampally,17.84272,78.543675,144,3.048,19-09-2025,0,3.048
Medak,Farm pond,Narsampally,17.84272,78.543675,144,3.048,20-09-2025,0
Medak,Farm pond,Narsampally,17.84272,78.543675,144,3.048,21-09-2025,5.6
Medak,Farm pond,Narsampally,17.84272,78.543675,144,3.048,22-09-2025,78,3.048
Medak,Farm pond,Narsampally,17.84272,78.543675,144,3.048,23-09-2025,0.2,3.048
Medak,Farm pond,Narsampally,17.84272,78.543675,144,3.048,24-09-2025,0
Medak,Farm pond,Narsampally,17.84272,78.543675,144,3.048,25-09-2025,7.2
Medak,Farm pond,Narsampally,17.84272,78.543675,144,3.048,26-09-2025,17.9,3.048
Medak,Farm pond,Narsampally,17.84272,78.543675,144,3.048,27-09-2025,1.5,3.048
Medak,Farm pond,Narsampally,17.84272,78.543675,144,3.048,28-09-2025,0.5
Medak,Farm pond,Narsampally,17.84272,78.543675,144,3.048,29-09-2025,0.9,3.048
Medak,Farm pond,Narsampally,17.84272,78.543675,144,3.048,30-09-2025,1.2
Medak,Farm pond,Narsampally,17.84272,78.543675,144,3.048,01-10-2025,0.1
Medak,Farm pond,Narsampally,17.84272,78.543675,144,3.048,02-10-2025,0
Medak,Farm pond,Narsampally,17.84272,78.543675,144,3.048,03-10-2025,0,3.048
Medak,Farm pond,Narsampally,17.84272,78.543675,144,3.048,04-10-2025,0,3.048
Medak,Farm pond,Narsampally,17.84272,78.543675,144,3.048,05-10-2025,6.2
Medak,Farm pond,Narsampally,17.84272,78.543675,144,3.048,06-10-2025,0,3.048
Medak,Farm pond,Narsampally,17.84272,78.543675,144,3.048,07-10-2025,0.1,3.048
Medak,Farm pond,Narsampally,17.84272,78.543675,144,3.048,08-10-2025,0,3.048
Medak,Farm pond,Narsampally,17.84272,78.543675,144,3.048,09-10-2025,0,3.048
Medak,Farm pond,Narsampally,17.84272,78.543675,144,3.048,10-10-2025,0,3.048
Medak,Farm pond,Narsampally,17.84272,78.543675,144,3.048,11-10-2025,0,3.048
Medak,Farm pond,Narsampally,17.84272,78.543675,144,3.048,12-10-2025,0
Medak,Farm pond,Narsampally,17.84272,78.543675,144,3.048,13-10-2025,0,3.048
Medak,Farm pond,Narsampally,17.84272,78.543675,144,3.048,14-10-2025,0.2,3.048
Medak,Farm pond,Narsampally,17.84272,78.543675,144,3.048,15-10-2025,0
Medak,Farm pond,Narsampally,17.84272,78.543675,144,3.048,16-10-2025,0
Medak,Farm pond,Narsampally,17.84272,78.543675,144,3.048,17-10-2025,0
Medak,Farm pond,Narsampally,17.84272,78.543675,144,3.048,18-10-2025,0,3.048
Medak,Farm pond,Narsampally,17.84272,78.543675,144,3.048,19-10-2025,0,3.048
Medak,Farm pond,Narsampally,17.84272,78.543675,144,3.048,20-10-2025,0.9
Medak,Farm pond,Narsampally,17.84272,78.543675,144,3.048,21-10-2025,0,3.048
Medak,Farm pond,Narsampally,17.84272,78.543675,144,3.048,22-10-2025,0,3.048
Medak,Farm pond,Narsampally,17.84272,78.543675,144,3.048,23-10-2025,2.5
Medak,Farm pond,Narsampally,17.84272,78.543675,144,3.048,24-10-2025,1.3,3.048
Medak,Farm pond,Narsampally,17.84272,78.543675,144,3.048,25-10-2025,3.5
Medak,Farm pond,Narsampally,17.84272,78.543675,144,3.048,26-10-2025,0
Medak,Farm pond,Narsampally,17.84272,78.543675,144,3.048,27-10-2025,0,3.048
Medak,Farm pond,Narsampally,17.84272,78.543675,144,3.048,28-10-2025,7.7
Medak,Farm pond,Narsampally,17.84272,78.543675,144,3.048,29-10-2025,17.3
Medak,Farm pond,Narsampally,17.84272,78.543675,144,3.048,30-10-2025,7.5,3.048
Medak,Farm pond,Narsampally,17.84272,78.543675,144,3.048,31-10-2025,0,3.048
Medak,Farm pond,Narsampally,17.84272,78.543675,144,3.048,01-11-2025,0,3.048
Medak,Farm pond,Narsampally,17.84272,78.543675,144,3.048,02-11-2025,0
Medak,Farm pond,Narsampally,17.84272,78.543675,144,3.048,03-11-2025,0,2.835
Medak,Farm pond,Narsampally,17.84272,78.543675,144,3.048,04-11-2025,0
Medak,Farm pond,Narsampally,17.84272,78.543675,144,3.048,05-11-2025,0,2.987
Medak,Farm pond,Narsampally,17.84272,78.543675,144,3.048,06-11-2025,0
Medak,Farm pond,Narsampally,17.84272,78.543675,144,3.048,07-11-2025,0,3.048
Medak,Farm pond,Narsampally,17.84272,78.543675,144,3.048,08-11-2025,0,3.048
Medak,Farm pond,Narsampally,17.84272,78.543675,144,3.048,09-11-2025,0
Medak,Farm pond,Narsampally,17.84272,78.543675,144,3.048,10-11-2025,0,3.048
Medak,Farm pond,Narsampally,17.84272,78.543675,144,3.048,11-11-2025
Medak,Farm pond,Narsampally,17.84272,78.543675,144,3.048,12-11-2025
Medak,Farm pond,Narsampally,17.84272,78.543675,144,3.048,13-11-2025,0
Medak,Farm pond,Narsampally,17.84272,78.543675,144,3.048,14-11-2025
Medak,Farm pond,Narsampally,17.84272,78.543675,144,3.048,15-11-2025,0,3.048
Medak,Farm pond,Narsampally,17.84272,78.543675,144,3.048,16-11-2025,0,2.53
Medak,Farm pond,Narsampally,17.84272,78.543675,144,3.048,17-11-2025,,2.469
Medak,Farm pond,Narsampally,17.84272,78.543675,144,3.048,18-11-2025
Medak,Farm pond,Narsampally,17.84272,78.543675,144,3.048,19-11-2025,,2.896
Medak,Farm pond,Narsampally,17.84272,78.543675,144,3.048,20-11-2025,,2.896
Medak,Farm pond,Narsampally,17.84272,78.543675,144,3.048,21-11-2025
Medak,Farm pond,Narsampally,17.84272,78.543675,144,3.048,22-11-2025,0,2.987
Medak,Farm pond,Narsampally,17.84272,78.543675,144,3.048,23-11-2025,0
Medak,Farm pond,Narsampally,17.84272,78.543675,144,3.048,24-11-2025,,2.987
Medak,Farm pond,Narsampally,17.84272,78.543675,144,3.048,25-11-2025
Medak,Farm pond,Narsampally,17.84272,78.543675,144,3.048,26-11-2025
Medak,Farm pond,Narsampally,17.84272,78.543675,144,3.048,27-11-2025,,2.926
Medak,Farm pond,Narsampally,17.84272,78.543675,144,3.048,28-11-2025,,2.957
Medak,Farm pond,Narsampally,17.84272,78.543675,144,3.048,29-11-2025,,2.926
Medak,Farm pond,Narsampally,17.84272,78.543675,144,3.048,30-11-2025,,2.987
Medak,Farm pond,Narsampally,17.84272,78.543675,144,3.048,01-12-2025
Medak,Farm pond,Narsampally,17.84272,78.543675,144,3.048,02-12-2025,,2.896
Medak,Farm pond,Narsampally,17.84272,78.543675,144,3.048,03-12-2025
Medak,Farm pond,Narsampally,17.84272,78.543675,144,3.048,04-12-2025,,2.957
Medak,Farm pond,Narsampally,17.84272,78.543675,144,3.048,05-12-2025,,2.957
Medak,Farm pond,Narsampally,17.84272,78.543675,144,3.048,06-12-2025
Medak,Farm pond,Narsampally,17.84272,78.543675,144,3.048,07-12-2025,,2.957
Medak,Farm pond,Narsampally,17.84272,78.543675,144,3.048,08-12-2025
Medak,Farm pond,Narsampally,17.84272,78.543675,144,3.048,09-12-2025,,2.957
Medak,Farm pond,Narsampally,17.84272,78.543675,144,3.048,10-12-2025
Medak,Farm pond,Narsampally,17.84272,78.543675,144,3.048,11-12-2025
Medak,Farm pond,Narsampally,17.84272,78.543675,144,3.048,12-12-2025,,2.957
Medak,Farm pond,Narsampally,17.84272,78.543675,144,3.048,13-12-2025
Medak,Farm pond,Narsampally,17.84272,78.543675,144,3.048,14-12-2025
Medak,Farm pond,Narsampally,17.84272,78.543675,144,3.048,15-12-2025,,2.987
Medak,Farm pond,Narsampally,17.84272,78.543675,144,3.048,16-12-2025
Medak,Farm pond,Narsampally,17.84272,78.543675,144,3.048,17-12-2025,,2.652
Medak,Farm pond,Narsampally,17.84272,78.543675,144,3.048,18-12-2025,,2.896
Medak,Farm pond,Narsampally,17.84272,78.543675,144,3.048,19-12-2025
Medak,Farm pond,Narsampally,17.84272,78.543675,144,3.048,20-12-2025,,2.987
Medak,Farm pond,Narsampally,17.84272,78.543675,144,3.048,21-12-2025
Medak,Farm pond,Narsampally,17.84272,78.543675,144,3.048,22-12-2025,,2.957
Medak,Farm pond,Narsampally,17.84272,78.543675,144,3.048,23-12-2025,,2.987
Medak,Farm pond,Narsampally,17.84272,78.543675,144,3.048,24-12-2025
Medak,Farm pond,Narsampally,17.84272,78.543675,144,3.048,25-12-2025
Medak,Farm pond,Narsampally,17.84272,78.543675,144,3.048,26-12-2025,,2.987
Medak,Farm pond,Narsampally,17.84272,78.543675,144,3.048,27-12-2025
Medak,Farm pond,Narsampally,17.84272,78.543675,144,3.048,28-12-2025,0,2.987
Medak,Farm pond,Narsampally,17.84272,78.543675,144,3.048,29-12-2025,0
Medak,Farm pond,Narsampally,17.84272,78.543675,144,3.048,30-12-2025,0
Medak,Farm pond,Narsampally,17.84272,78.543675,144,3.048,31-12-2025
Medak,Farm pond,Narsampally,17.84272,78.543675,144,3.048,01-01-2026
Medak,Farm pond,Narsampally,17.84272,78.543675,144,3.048,02-01-2026
Medak,Farm pond,Narsampally,17.84272,78.543675,144,3.048,03-01-2026,1.6
Medak,Farm pond,Narsampally,17.84272,78.543675,144,3.048,04-01-2026,0,2.987
Medak,Farm pond,Narsampally,17.84272,78.543675,144,3.048,05-01-2026,0
Medak,Farm pond,Narsampally,17.84272,78.543675,144,3.048,06-01-2026,0,2.987
Medak,Farm pond,Narsampally,17.84272,78.543675,144,3.048,07-01-2026,0
Medak,Farm pond,Narsampally,17.84272,78.543675,144,3.048,08-01-2026,0,3.018
Medak,Farm pond,Narsampally,17.84272,78.543675,144,3.048,09-01-2026,0
Medak,Farm pond,Narsampally,17.84272,78.543675,144,3.048,10-01-2026,0,2.987
Medak,Farm pond,Narsampally,17.84272,78.543675,144,3.048,11-01-2026,0
Medak,Farm pond,Narsampally,17.84272,78.543675,144,3.048,12-01-2026,0
Medak,Farm pond,Narsampally,17.84272,78.543675,144,3.048,13-01-2026,0,2.987
Medak,Farm pond,Narsampally,17.84272,78.543675,144,3.048,14-01-2026,0
Medak,Farm pond,Narsampally,17.84272,78.543675,144,3.048,15-01-2026,0
Medak,Farm pond,Narsampally,17.84272,78.543675,144,3.048,16-01-2026,0,2.957
Medak,Farm pond,Narsampally,17.84272,78.543675,144,3.048,17-01-2026,0,2.987
Medak,Farm pond,Narsampally,17.84272,78.543675,144,3.048,18-01-2026,0,2.987
Medak,Farm pond,Narsampally,17.84272,78.543675,144,3.048,19-01-2026,0
Medak,Farm pond,Narsampally,17.84272,78.543675,144,3.048,20-01-2026,0
Medak,Farm pond,Narsampally,17.84272,78.543675,144,3.048,21-01-2026,0,2.957
Medak,Farm pond,Narsampally,17.84272,78.543675,144,3.048,22-01-2026,0
Medak,Farm pond,Narsampally,17.84272,78.543675,144,3.048,23-01-2026,0
Medak,Farm pond,Narsampally,17.84272,78.543675,144,3.048,24-01-2026,0,2.957
Medak,Farm pond,Narsampally,17.84272,78.543675,144,3.048,25-01-2026,0
Medak,Farm pond,Narsampally,17.84272,78.543675,144,3.048,26-01-2026,0
Medak,Farm pond,Narsampally,17.84272,78.543675,144,3.048,27-01-2026,0
Medak,Farm pond,Narsampally,17.84272,78.543675,144,3.048,28-01-2026,0
Medak,Farm pond,Narsampally,17.84272,78.543675,144,3.048,29-01-2026,0
Medak,Farm pond,Narsampally,17.84272,78.543675,144,3.048,30-01-2026,0
Medak,Farm pond,Narsampally,17.84272,78.543675,144,3.048,31-01-2026,0,2.987
Medak,Farm pond,Narsampally,17.84272,78.543675,144,3.048,01-02-2026,0
Medak,Farm pond,Narsampally,17.84272,78.543675,144,3.048,02-02-2026,0,2.987
Medak,Farm pond,Narsampally,17.84272,78.543675,144,3.048,03-02-2026,0
Medak,Farm pond,Narsampally,17.84272,78.543675,144,3.048,04-02-2026,0,2.987
Medak,Farm pond,Narsampally,17.84272,78.543675,144,3.048,05-02-2026,0
Medak,Farm pond,Narsampally,17.84272,78.543675,144,3.048,06-02-2026,0
Medak,Farm pond,Narsampally,17.84272,78.543675,144,3.048,07-02-2026,0,2.987
Medak,Farm pond,Narsampally,17.84272,78.543675,144,3.048,08-02-2026,0
Medak,Farm pond,Narsampally,17.84272,78.543675,144,3.048,09-02-2026,0,3.018
Medak,Farm pond,Narsampally,17.84272,78.543675,144,3.048,10-02-2026,0
Medak,Farm pond,Narsampally,17.84272,78.543675,144,3.048,11-02-2026,0,2.987
Medak,Farm pond,Narsampally,17.84272,78.543675,144,3.048,12-02-2026,0,2.987
Medak,Farm pond,Narsampally,17.84272,78.543675,144,3.048,13-02-2026,0
Medak,Farm pond,Narsampally,17.84272,78.543675,144,3.048,14-02-2026,0
Medak,Farm pond,Narsampally,17.84272,78.543675,144,3.048,15-02-2026,0,3.018
Medak,Farm pond,Narsampally,17.84272,78.543675,144,3.048,16-02-2026,0
Medak,Farm pond,Narsampally,17.84272,78.543675,144,3.048,17-02-2026,0
Medak,Farm pond,Narsampally,17.84272,78.543675,144,3.048,18-02-2026,0
Medak,Farm pond,Narsampally,17.84272,78.543675,144,3.048,19-02-2026,0
Medak,Farm pond,Narsampally,17.84272,78.543675,144,3.048,20-02-2026,0,2.926
Medak,Farm pond,Narsampally,17.84272,78.543675,144,3.048,21-02-2026,0
Medak,Farm pond,Narsampally,17.84272,78.543675,144,3.048,22-02-2026,0
Medak,Farm pond,Narsampally,17.84272,78.543675,144,3.048,23-02-2026,1.7,2.957
Medak,Farm pond,Narsampally,17.84272,78.543675,144,3.048,24-02-2026,0.1
Medak,Farm pond,Narsampally,17.84272,78.543675,144,3.048,25-02-2026,0
Medak,Farm pond,Narsampally,17.84272,78.543675,144,3.048,26-02-2026,0,3.048
Medak,Farm pond,Narsampally,17.84272,78.543675,144,3.048,27-02-2026,0,2.987
Medak,Farm pond,Narsampally,17.84272,78.543675,144,3.048,28-02-2026,0,2.987
Medak,Farm pond,Narsampally,17.84272,78.543675,144,3.048,01-03-2026,0
Medak,Farm pond,Narsampally,17.84272,78.543675,144,3.048,02-03-2026,0
Medak,Farm pond,Narsampally,17.84272,78.543675,144,3.048,03-03-2026,0,2.987
Medak,Farm pond,Narsampally,17.84272,78.543675,144,3.048,04-03-2026,0
Medak,Farm pond,Narsampally,17.84272,78.543675,144,3.048,05-03-2026,0,2.957
Medak,Farm pond,Narsampally,17.84272,78.543675,144,3.048,06-03-2026,0
Medak,Farm pond,Narsampally,17.84272,78.543675,144,3.048,07-03-2026,0,2.987
Medak,Farm pond,Narsampally,17.84272,78.543675,144,3.048,08-03-2026,0
Medak,Farm pond,Narsampally,17.84272,78.543675,144,3.048,09-03-2026,0
Medak,Farm pond,Narsampally,17.84272,78.543675,144,3.048,10-03-2026,0,2.103
Medak,Farm pond,Narsampally,17.84272,78.543675,144,3.048,11-03-2026,0
Medak,Farm pond,Narsampally,17.84272,78.543675,144,3.048,12-03-2026,0
Medak,Farm pond,Narsampally,17.84272,78.543675,144,3.048,13-03-2026,0,2.134
Medak,Farm pond,Narsampally,17.84272,78.543675,144,3.048,14-03-2026,0
Medak,Farm pond,Narsampally,17.84272,78.543675,144,3.048,15-03-2026,0
Medak,Farm pond,Narsampally,17.84272,78.543675,144,3.048,16-03-2026,7.5
Medak,Farm pond,Narsampally,17.84272,78.543675,144,3.048,17-03-2026,0,1.981
Medak,Farm pond,Narsampally,17.84272,78.543675,144,3.048,18-03-2026,0.7,2.195
Medak,Farm pond,Narsampally,17.84272,78.543675,144,3.048,19-03-2026,0
Medak,Farm pond,Narsampally,17.84272,78.543675,144,3.048,20-03-2026,0,2.987
Medak,Farm pond,Narsampally,17.84272,78.543675,144,3.048,21-03-2026,0
Medak,Farm pond,Narsampally,17.84272,78.543675,144,3.048,22-03-2026,0,3.048
Medak,Farm pond,Narsampally,17.84272,78.543675,144,3.048,23-03-2026,0,3.048
Medak,Farm pond,Narsampally,17.84272,78.543675,144,3.048,24-03-2026,0
Medak,Farm pond,Narsampally,17.84272,78.543675,144,3.048,25-03-2026,0
Medak,Farm pond,Narsampally,17.84272,78.543675,144,3.048,26-03-2026,0
Medak,Farm pond,Narsampally,17.84272,78.543675,144,3.048,27-03-2026,0,2.56
Medak,Farm pond,Narsampally,17.84272,78.543675,144,3.048,28-03-2026,0
Medak,Farm pond,Narsampally,17.84272,78.543675,144,3.048,29-03-2026,0,2.804
Medak,Farm pond,Narsampally,17.84272,78.543675,144,3.048,30-03-2026,0,2.56
Medak,Farm pond,Narsampally,17.84272,78.543675,144,3.048,31-03-2026,0
Medak,Farm pond,Narsampally,17.84272,78.543675,144,3.048,01-04-2026,0
Medak,Farm pond,Narsampally,17.84272,78.543675,144,3.048,02-04-2026,0
Medak,Farm pond,Narsampally,17.84272,78.543675,144,3.048,03-04-2026,0
Medak,Farm pond,Narsampally,17.84272,78.543675,144,3.048,04-04-2026,0,2.316
Medak,Farm pond,Narsampally,17.84272,78.543675,144,3.048,05-04-2026,1.5,2.195
Medak,Farm pond,Narsampally,17.84272,78.543675,144,3.048,06-04-2026,0,3.048
Medak,Farm pond,Narsampally,17.84272,78.543675,144,3.048,07-04-2026,0
Medak,Farm pond,Narsampally,17.84272,78.543675,144,3.048,08-04-2026,0
Medak,Farm pond,Narsampally,17.84272,78.543675,144,3.048,09-04-2026,0,2.195
Medak,Farm pond,Narsampally,17.84272,78.543675,144,3.048,10-04-2026,0
Medak,Farm pond,Narsampally,17.84272,78.543675,144,3.048,11-04-2026,0,1.829
Medak,Farm pond,Narsampally,17.84272,78.543675,144,3.048,12-04-2026,0
Medak,Farm pond,Narsampally,17.84272,78.543675,144,3.048,13-04-2026,0
Medak,Farm pond,Narsampally,17.84272,78.543675,144,3.048,14-04-2026,0
Medak,Farm pond,Narsampally,17.84272,78.543675,144,3.048,15-04-2026,0
Medak,Farm pond,Narsampally,17.84272,78.543675,144,3.048,16-04-2026,0,1.28
Medak,Farm pond,Narsampally,17.84272,78.543675,144,3.048,17-04-2026,0
Medak,Farm pond,Narsampally,17.84272,78.543675,144,3.048,18-04-2026,0
Medak,Farm pond,Narsampally,17.84272,78.543675,144,3.048,19-04-2026,0
Medak,Farm pond,Narsampally,17.84272,78.543675,144,3.048,20-04-2026,0
Medak,Farm pond,Narsampally,17.84272,78.543675,144,3.048,21-04-2026,0
Medak,Farm pond,Narsampally,17.84272,78.543675,144,3.048,22-04-2026,0,0.914
Medak,Farm pond,Narsampally,17.84272,78.543675,144,3.048,23-04-2026,1.3
Medak,Farm pond,Narsampally,17.84272,78.543675,144,3.048,24-04-2026,0
Medak,Farm pond,Narsampally,17.84272,78.543675,144,3.048,25-04-2026,0,1.585
Medak,Farm pond,Narsampally,17.84272,78.543675,144,3.048,26-04-2026,0
Medak,Farm pond,Narsampally,17.84272,78.543675,144,3.048,27-04-2026,0
Medak,Farm pond,Narsampally,17.84272,78.543675,144,3.048,28-04-2026,0,1.768
Medak,Farm pond,Narsampally,17.84272,78.543675,144,3.048,29-04-2026,0,2.408
Medak,Farm pond,Narsampally,17.84272,78.543675,144,3.048,30-04-2026,0,2.073
Medak,Farm pond,Narsampally,17.84272,78.543675,144,3.048,01-05-2026,0
Medak,Farm pond,Narsampally,17.84272,78.543675,144,3.048,02-05-2026,0
Medak,Farm pond,Narsampally,17.84272,78.543675,144,3.048,03-05-2026,0
Medak,Farm pond,Narsampally,17.84272,78.543675,144,3.048,04-05-2026,0,2.591
Medak,Farm pond,Narsampally,17.84272,78.543675,144,3.048,05-05-2026,16.2
Medak,Farm pond,Narsampally,17.84272,78.543675,144,3.048,06-05-2026,0,2.499
Medak,Farm pond,Narsampally,17.84272,78.543675,144,3.048,07-05-2026,0
Medak,Farm pond,Narsampally,17.84272,78.543675,144,3.048,08-05-2026,0.4
Medak,Farm pond,Narsampally,17.84272,78.543675,144,3.048,09-05-2026,0,2.134
Medak,Farm pond,Narsampally,17.84272,78.543675,144,3.048,10-05-2026,0
Medak,Farm pond,Narsampally,17.84272,78.543675,144,3.048,11-05-2026,0
Medak,Farm pond,Narsampally,17.84272,78.543675,144,3.048,12-05-2026,0,1.798
Medak,Farm pond,Narsampally,17.84272,78.543675,144,3.048,13-05-2026,0
Medak,Farm pond,Narsampally,17.84272,78.543675,144,3.048,14-05-2026,0,1.585
Medak,Farm pond,Narsampally,17.84272,78.543675,144,3.048,15-05-2026,0
Medak,Farm pond,Narsampally,17.84272,78.543675,144,3.048,16-05-2026,0
Medak,Farm pond,Narsampally,17.84272,78.543675,144,3.048,17-05-2026,0,1.585
Medak,Farm pond,Narsampally,17.84272,78.543675,144,3.048,18-05-2026,0
Medak,Farm pond,Narsampally,17.84272,78.543675,144,3.048,19-05-2026,11
Medak,Farm pond,Narsampally,17.84272,78.543675,144,3.048,20-05-2026,0
Medak,Farm pond,Narsampally,17.84272,78.543675,144,3.048,21-05-2026,0,1.463
Medak,Farm pond,Narsampally,17.84272,78.543675,144,3.048,22-05-2026,0
Medak,Farm pond,Narsampally,17.84272,78.543675,144,3.048,23-05-2026,0,1.372
Medak,Farm pond,Narsampally,17.84272,78.543675,144,3.048,24-05-2026,0
Medak,Farm pond,Narsampally,17.84272,78.543675,144,3.048,25-05-2026,0
Medak,Farm pond,Narsampally,17.84272,78.543675,144,3.048,26-05-2026,16.5,1.402
Medak,Farm pond,Narsampally,17.84272,78.543675,144,3.048,27-05-2026,21.8
Medak,Farm pond,Narsampally,17.84272,78.543675,144,3.048,28-05-2026,0
Medak,Farm pond,Narsampally,17.84272,78.543675,144,3.048,29-05-2026,0,1.402
Medak,Farm pond,Narsampally,17.84272,78.543675,144,3.048,30-05-2026,0
Medak,Farm pond,Narsampally,17.84272,78.543675,144,3.048,31-05-2026,0
Medak,Farm pond,Narsampally,17.84272,78.543675,144,3.048,01-06-2026,0.1,1.28
Medak,Farm pond,Narsampally,17.84272,78.543675,144,3.048,02-06-2026,0
Medak,Farm pond,Narsampally,17.84272,78.543675,144,3.048,03-06-2026,0
Medak,Farm pond,Narsampally,17.84272,78.543675,144,3.048,04-06-2026,0,2.073
Medak,Farm pond,Narsampally,17.84272,78.543675,144,3.048,05-06-2026,0
Medak,Farm pond,Narsampally,17.84272,78.543675,144,3.048,06-06-2026,0
Medak,Farm pond,Narsampally,17.84272,78.543675,144,3.048,07-06-2026,38.7,1.585
Medak,Farm pond,Narsampally,17.84272,78.543675,144,3.048,08-06-2026,0.2
Medak,Farm pond,Narsampally,17.84272,78.543675,144,3.048,09-06-2026,0
Medak,Farm pond,Narsampally,17.84272,78.543675,144,3.048,10-06-2026,0,2.591
Medak,Farm pond,Narsampally,17.84272,78.543675,144,3.048,11-06-2026,0
Medak,Farm pond,Narsampally,17.84272,78.543675,144,3.048,12-06-2026,0.8
Medak,Farm pond,Narsampally,17.84272,78.543675,144,3.048,13-06-2026,4.6
Medak,Farm pond,Narsampally,17.84272,78.543675,144,3.048,14-06-2026,0.9,2.713
Medak,Farm pond,Narsampally,17.84272,78.543675,144,3.048,15-06-2026,0,2.499
Medak,Farm pond,Narsampally,17.84272,78.543675,144,3.048,16-06-2026,0
Medak,Farm pond,Narsampally,17.84272,78.543675,144,3.048,17-06-2026,0,2.316
Medak,Farm pond,Narsampally,17.84272,78.543675,144,3.048,18-06-2026,0
Medak,Farm pond,Narsampally,17.84272,78.543675,144,3.048,19-06-2026,0
Medak,Farm pond,Narsampally,17.84272,78.543675,144,3.048,20-06-2026,0,1.219
Medak,Farm pond,Narsampally,17.84272,78.543675,144,3.048,21-06-2026,0.1
Medak,Farm pond,Narsampally,17.84272,78.543675,144,3.048,22-06-2026,0.1
Medak,Farm pond,Narsampally,17.84272,78.543675,144,3.048,23-06-2026,8.2,1.89
Medak,Farm pond,Narsampally,17.84272,78.543675,144,3.048,24-06-2026,0.1
Medak,Farm pond,Narsampally,17.84272,78.543675,144,3.048,25-06-2026,8.1
Medak,Farm pond,Narsampally,17.84272,78.543675,144,3.048,26-06-2026,0.2,2.926
Medak,Farm pond,Narsampally,17.84272,78.543675,144,3.048,27-06-2026,0
Medak,Farm pond,Narsampally,17.84272,78.543675,144,3.048,28-06-2026,5.1
Medak,Farm pond,Narsampally,17.84272,78.543675,144,3.048,29-06-2026,0,3.048
Medak,Farm pond,Narsampally,17.84272,78.543675,144,3.048,30-06-2026,19.7
Medak,Farm pond,Narsampally,17.847561,78.549006,144,3.048,01-06-2025,1.4
Medak,Farm pond,Narsampally,17.847561,78.549006,144,3.048,02-06-2025,0.2
Medak,Farm pond,Narsampally,17.847561,78.549006,144,3.048,03-06-2025,0.3
Medak,Farm pond,Narsampally,17.847561,78.549006,144,3.048,04-06-2025,0,2.164
Medak,Farm pond,Narsampally,17.847561,78.549006,144,3.048,05-06-2025,0,2.167
Medak,Farm pond,Narsampally,17.847561,78.549006,144,3.048,06-06-2025,0
Medak,Farm pond,Narsampally,17.847561,78.549006,144,3.048,07-06-2025,0
Medak,Farm pond,Narsampally,17.847561,78.549006,144,3.048,08-06-2025,0
Medak,Farm pond,Narsampally,17.847561,78.549006,144,3.048,09-06-2025,0,2.438
Medak,Farm pond,Narsampally,17.847561,78.549006,144,3.048,10-06-2025,0,2.438
Medak,Farm pond,Narsampally,17.847561,78.549006,144,3.048,11-06-2025,0.2,2.438
Medak,Farm pond,Narsampally,17.847561,78.549006,144,3.048,12-06-2025,30.3,2.438
Medak,Farm pond,Narsampally,17.847561,78.549006,144,3.048,13-06-2025,0,2.438
Medak,Farm pond,Narsampally,17.847561,78.549006,144,3.048,14-06-2025,0,2.438
Medak,Farm pond,Narsampally,17.847561,78.549006,144,3.048,15-06-2025,0.1,2.438
Medak,Farm pond,Narsampally,17.847561,78.549006,144,3.048,16-06-2025,0,2.591
Medak,Farm pond,Narsampally,17.847561,78.549006,144,3.048,17-06-2025,0,2.53
Medak,Farm pond,Narsampally,17.847561,78.549006,144,3.048,18-06-2025,0,2.499
Medak,Farm pond,Narsampally,17.847561,78.549006,144,3.048,19-06-2025,0,2.499
Medak,Farm pond,Narsampally,17.847561,78.549006,144,3.048,20-06-2025,6.2,2.438
Medak,Farm pond,Narsampally,17.847561,78.549006,144,3.048,21-06-2025,0,2.438
Medak,Farm pond,Narsampally,17.847561,78.549006,144,3.048,22-06-2025,0,2.408
Medak,Farm pond,Narsampally,17.847561,78.549006,144,3.048,23-06-2025,0,2.377
Medak,Farm pond,Narsampally,17.847561,78.549006,144,3.048,24-06-2025,0.1,2.347
Medak,Farm pond,Narsampally,17.847561,78.549006,144,3.048,25-06-2025,15.7,2.316
Medak,Farm pond,Narsampally,17.847561,78.549006,144,3.048,26-06-2025,9.3,2.316
Medak,Farm pond,Narsampally,17.847561,78.549006,144,3.048,27-06-2025,0,2.347
Medak,Farm pond,Narsampally,17.847561,78.549006,144,3.048,28-06-2025,0,2.377
Medak,Farm pond,Narsampally,17.847561,78.549006,144,3.048,29-06-2025,2.2
Medak,Farm pond,Narsampally,17.847561,78.549006,144,3.048,30-06-2025,21.7
Medak,Farm pond,Narsampally,17.847561,78.549006,144,3.048,01-07-2025,12.1,2.53
Medak,Farm pond,Narsampally,17.847561,78.549006,144,3.048,02-07-2025,5.9,2.621
Medak,Farm pond,Narsampally,17.847561,78.549006,144,3.048,03-07-2025,0,2.652
Medak,Farm pond,Narsampally,17.847561,78.549006,144,3.048,04-07-2025,0.1,2.682
Medak,Farm pond,Narsampally,17.847561,78.549006,144,3.048,05-07-2025,0
Medak,Farm pond,Narsampally,17.847561,78.549006,144,3.048,06-07-2025,1.2
Medak,Farm pond,Narsampally,17.847561,78.549006,144,3.048,07-07-2025,2.8
Medak,Farm pond,Narsampally,17.847561,78.549006,144,3.048,08-07-2025,0,2.469
Medak,Farm pond,Narsampally,17.847561,78.549006,144,3.048,09-07-2025,0,2.621
Medak,Farm pond,Narsampally,17.847561,78.549006,144,3.048,10-07-2025,0,2.652
Medak,Farm pond,Narsampally,17.847561,78.549006,144,3.048,11-07-2025,0,2.652
Medak,Farm pond,Narsampally,17.847561,78.549006,144,3.048,12-07-2025,0,2.652
Medak,Farm pond,Narsampally,17.847561,78.549006,144,3.048,13-07-2025,0
Medak,Farm pond,Narsampally,17.847561,78.549006,144,3.048,14-07-2025,0,2.56
Medak,Farm pond,Narsampally,17.847561,78.549006,144,3.048,15-07-2025,17.5
Medak,Farm pond,Narsampally,17.847561,78.549006,144,3.048,16-07-2025,17.6,2.56
Medak,Farm pond,Narsampally,17.847561,78.549006,144,3.048,17-07-2025,0
Medak,Farm pond,Narsampally,17.847561,78.549006,144,3.048,18-07-2025,39.7,2.53
Medak,Farm pond,Narsampally,17.847561,78.549006,144,3.048,19-07-2025,0
Medak,Farm pond,Narsampally,17.847561,78.549006,144,3.048,20-07-2025,5.1,2.987
Medak,Farm pond,Narsampally,17.847561,78.549006,144,3.048,21-07-2025,2.3
Medak,Farm pond,Narsampally,17.847561,78.549006,144,3.048,22-07-2025,0
Medak,Farm pond,Narsampally,17.847561,78.549006,144,3.048,23-07-2025,33.6,2.713
Medak,Farm pond,Narsampally,17.847561,78.549006,144,3.048,24-07-2025,12.7,3.048
Medak,Farm pond,Narsampally,17.847561,78.549006,144,3.048,25-07-2025,14.7,3.018
Medak,Farm pond,Narsampally,17.847561,78.549006,144,3.048,26-07-2025,7.1,3.048
Medak,Farm pond,Narsampally,17.847561,78.549006,144,3.048,27-07-2025,0,2.957
Medak,Farm pond,Narsampally,17.847561,78.549006,144,3.048,28-07-2025,0.8
Medak,Farm pond,Narsampally,17.847561,78.549006,144,3.048,29-07-2025,0.4
Medak,Farm pond,Narsampally,17.847561,78.549006,144,3.048,30-07-2025,3.2
Medak,Farm pond,Narsampally,17.847561,78.549006,144,3.048,31-07-2025,0.2
Medak,Farm pond,Narsampally,17.847561,78.549006,144,3.048,01-08-2025,0,2.652
Medak,Farm pond,Narsampally,17.847561,78.549006,144,3.048,02-08-2025,0,2.621
Medak,Farm pond,Narsampally,17.847561,78.549006,144,3.048,03-08-2025,0
Medak,Farm pond,Narsampally,17.847561,78.549006,144,3.048,04-08-2025,0.1,2.499
Medak,Farm pond,Narsampally,17.847561,78.549006,144,3.048,05-08-2025,2.4,2.56
Medak,Farm pond,Narsampally,17.847561,78.549006,144,3.048,06-08-2025,0,2.469
Medak,Farm pond,Narsampally,17.847561,78.549006,144,3.048,07-08-2025,34.6,2.438
Medak,Farm pond,Narsampally,17.847561,78.549006,144,3.048,08-08-2025,6.5
Medak,Farm pond,Narsampally,17.847561,78.549006,144,3.048,09-08-2025,14.4,2.621
Medak,Farm pond,Narsampally,17.847561,78.549006,144,3.048,10-08-2025,8.5
Medak,Farm pond,Narsampally,17.847561,78.549006,144,3.048,11-08-2025,2.8,2.682
Medak,Farm pond,Narsampally,17.847561,78.549006,144,3.048,12-08-2025,4
Medak,Farm pond,Narsampally,17.847561,78.549006,144,3.048,13-08-2025,7,2.713
Medak,Farm pond,Narsampally,17.847561,78.549006,144,3.048,14-08-2025,3
Medak,Farm pond,Narsampally,17.847561,78.549006,144,3.048,15-08-2025,11.1,2.713
Medak,Farm pond,Narsampally,17.847561,78.549006,144,3.048,16-08-2025,2
Medak,Farm pond,Narsampally,17.847561,78.549006,144,3.048,17-08-2025,50.7
Medak,Farm pond,Narsampally,17.847561,78.549006,144,3.048,18-08-2025,59.1
Medak,Farm pond,Narsampally,17.847561,78.549006,144,3.048,19-08-2025,11.5
Medak,Farm pond,Narsampally,17.847561,78.549006,144,3.048,20-08-2025,0.1,3.048
Medak,Farm pond,Narsampally,17.847561,78.549006,144,3.048,21-08-2025,0,3.048
Medak,Farm pond,Narsampally,17.847561,78.549006,144,3.048,22-08-2025,0
Medak,Farm pond,Narsampally,17.847561,78.549006,144,3.048,23-08-2025,0,2.896
Medak,Farm pond,Narsampally,17.847561,78.549006,144,3.048,24-08-2025,0
Medak,Farm pond,Narsampally,17.847561,78.549006,144,3.048,25-08-2025,0,2.652
Medak,Farm pond,Narsampally,17.847561,78.549006,144,3.048,26-08-2025,6.3
Medak,Farm pond,Narsampally,17.847561,78.549006,144,3.048,27-08-2025,108.4
Medak,Farm pond,Narsampally,17.847561,78.549006,144,3.048,28-08-2025,32.9,3.048
Medak,Farm pond,Narsampally,17.847561,78.549006,144,3.048,29-08-2025,14.2,3.048
Medak,Farm pond,Narsampally,17.847561,78.549006,144,3.048,30-08-2025,0
Medak,Farm pond,Narsampally,17.847561,78.549006,144,3.048,31-08-2025,0
Medak,Farm pond,Narsampally,17.847561,78.549006,144,3.048,01-09-2025,1.8,2.957
Medak,Farm pond,Narsampally,17.847561,78.549006,144,3.048,02-09-2025,1.7
Medak,Farm pond,Narsampally,17.847561,78.549006,144,3.048,03-09-2025,0.9,2.865
Medak,Farm pond,Narsampally,17.847561,78.549006,144,3.048,04-09-2025,0,2.804
Medak,Farm pond,Narsampally,17.847561,78.549006,144,3.048,05-09-2025,1.2,2.804
Medak,Farm pond,Narsampally,17.847561,78.549006,144,3.048,06-09-2025,0.1,2.774
Medak,Farm pond,Narsampally,17.847561,78.549006,144,3.048,07-09-2025,0
Medak,Farm pond,Narsampally,17.847561,78.549006,144,3.048,08-09-2025,0,2.713
Medak,Farm pond,Narsampally,17.847561,78.549006,144,3.048,09-09-2025,0
Medak,Farm pond,Narsampally,17.847561,78.549006,144,3.048,10-09-2025,0
Medak,Farm pond,Narsampally,17.847561,78.549006,144,3.048,11-09-2025,11.5,2.621
Medak,Farm pond,Narsampally,17.847561,78.549006,144,3.048,12-09-2025,2.3,2.743
Medak,Farm pond,Narsampally,17.847561,78.549006,144,3.048,13-09-2025,5.7
Medak,Farm pond,Narsampally,17.847561,78.549006,144,3.048,14-09-2025,77.6
Medak,Farm pond,Narsampally,17.847561,78.549006,144,3.048,15-09-2025,0.3,3.048
Medak,Farm pond,Narsampally,17.847561,78.549006,144,3.048,16-09-2025,0.4,3.048
Medak,Farm pond,Narsampally,17.847561,78.549006,144,3.048,17-09-2025,9.7,3.048
Medak,Farm pond,Narsampally,17.847561,78.549006,144,3.048,18-09-2025,10.6
Medak,Farm pond,Narsampally,17.847561,78.549006,144,3.048,19-09-2025,0,2.987
Medak,Farm pond,Narsampally,17.847561,78.549006,144,3.048,20-09-2025,0
Medak,Farm pond,Narsampally,17.847561,78.549006,144,3.048,21-09-2025,5.6
Medak,Farm pond,Narsampally,17.847561,78.549006,144,3.048,22-09-2025,78,3.048
Medak,Farm pond,Narsampally,17.847561,78.549006,144,3.048,23-09-2025,0.2,3.048
Medak,Farm pond,Narsampally,17.847561,78.549006,144,3.048,24-09-2025,0
Medak,Farm pond,Narsampally,17.847561,78.549006,144,3.048,25-09-2025,7.2
Medak,Farm pond,Narsampally,17.847561,78.549006,144,3.048,26-09-2025,17.9,3.048
Medak,Farm pond,Narsampally,17.847561,78.549006,144,3.048,27-09-2025,1.5,3.048
Medak,Farm pond,Narsampally,17.847561,78.549006,144,3.048,28-09-2025,0.5
Medak,Farm pond,Narsampally,17.847561,78.549006,144,3.048,29-09-2025,0.9,3.048
Medak,Farm pond,Narsampally,17.847561,78.549006,144,3.048,30-09-2025,1.2,3.048
Medak,Farm pond,Narsampally,17.847561,78.549006,144,3.048,01-10-2025,0.1
Medak,Farm pond,Narsampally,17.847561,78.549006,144,3.048,02-10-2025,0
Medak,Farm pond,Narsampally,17.847561,78.549006,144,3.048,03-10-2025,0,2.987
Medak,Farm pond,Narsampally,17.847561,78.549006,144,3.048,04-10-2025,0,2.896
Medak,Farm pond,Narsampally,17.847561,78.549006,144,3.048,05-10-2025,6.2
Medak,Farm pond,Narsampally,17.847561,78.549006,144,3.048,06-10-2025,0,2.957
Medak,Farm pond,Narsampally,17.847561,78.549006,144,3.048,07-10-2025,0.1,2.896
Medak,Farm pond,Narsampally,17.847561,78.549006,144,3.048,08-10-2025,0,2.926
Medak,Farm pond,Narsampally,17.847561,78.549006,144,3.048,09-10-2025,0,2.804
Medak,Farm pond,Narsampally,17.847561,78.549006,144,3.048,10-10-2025,0,2.835
Medak,Farm pond,Narsampally,17.847561,78.549006,144,3.048,11-10-2025,0,2.774
Medak,Farm pond,Narsampally,17.847561,78.549006,144,3.048,12-10-2025,0
Medak,Farm pond,Narsampally,17.847561,78.549006,144,3.048,13-10-2025,0,2.713
Medak,Farm pond,Narsampally,17.847561,78.549006,144,3.048,14-10-2025,0.2,2.804
Medak,Farm pond,Narsampally,17.847561,78.549006,144,3.048,15-10-2025,0
Medak,Farm pond,Narsampally,17.847561,78.549006,144,3.048,16-10-2025,0
Medak,Farm pond,Narsampally,17.847561,78.549006,144,3.048,17-10-2025,0
Medak,Farm pond,Narsampally,17.847561,78.549006,144,3.048,18-10-2025,0,2.621
Medak,Farm pond,Narsampally,17.847561,78.549006,144,3.048,19-10-2025,0,2.499
Medak,Farm pond,Narsampally,17.847561,78.549006,144,3.048,20-10-2025,0.9
Medak,Farm pond,Narsampally,17.847561,78.549006,144,3.048,21-10-2025,0,2.469
Medak,Farm pond,Narsampally,17.847561,78.549006,144,3.048,22-10-2025,0,2.469
Medak,Farm pond,Narsampally,17.847561,78.549006,144,3.048,23-10-2025,2.5
Medak,Farm pond,Narsampally,17.847561,78.549006,144,3.048,24-10-2025,1.3,2.438
Medak,Farm pond,Narsampally,17.847561,78.549006,144,3.048,25-10-2025,3.5
Medak,Farm pond,Narsampally,17.847561,78.549006,144,3.048,26-10-2025,0
Medak,Farm pond,Narsampally,17.847561,78.549006,144,3.048,27-10-2025,0,2.438
Medak,Farm pond,Narsampally,17.847561,78.549006,144,3.048,28-10-2025,7.7
Medak,Farm pond,Narsampally,17.847561,78.549006,144,3.048,29-10-2025,17.3
Medak,Farm pond,Narsampally,17.847561,78.549006,144,3.048,30-10-2025,7.5,2.682
Medak,Farm pond,Narsampally,17.847561,78.549006,144,3.048,31-10-2025,0,2.652
Medak,Farm pond,Narsampally,17.847561,78.549006,144,3.048,01-11-2025,0,2.591
Medak,Farm pond,Narsampally,17.847561,78.549006,144,3.048,02-11-2025,0
Medak,Farm pond,Narsampally,17.847561,78.549006,144,3.048,03-11-2025,0,2.804
Medak,Farm pond,Narsampally,17.847561,78.549006,144,3.048,04-11-2025,0
Medak,Farm pond,Narsampally,17.847561,78.549006,144,3.048,05-11-2025,0,2.591
Medak,Farm pond,Narsampally,17.847561,78.549006,144,3.048,06-11-2025,0
Medak,Farm pond,Narsampally,17.847561,78.549006,144,3.048,07-11-2025,0,2.713
Medak,Farm pond,Narsampally,17.847561,78.549006,144,3.048,08-11-2025,0,2.652
Medak,Farm pond,Narsampally,17.847561,78.549006,144,3.048,09-11-2025,0
Medak,Farm pond,Narsampally,17.847561,78.549006,144,3.048,10-11-2025,0,2.591
Medak,Farm pond,Narsampally,17.847561,78.549006,144,3.048,11-11-2025
Medak,Farm pond,Narsampally,17.847561,78.549006,144,3.048,12-11-2025
Medak,Farm pond,Narsampally,17.847561,78.549006,144,3.048,13-11-2025,0
Medak,Farm pond,Narsampally,17.847561,78.549006,144,3.048,14-11-2025
Medak,Farm pond,Narsampally,17.847561,78.549006,144,3.048,15-11-2025,0,2.499
Medak,Farm pond,Narsampally,17.847561,78.549006,144,3.048,16-11-2025,0
Medak,Farm pond,Narsampally,17.847561,78.549006,144,3.048,17-11-2025,,2.56
Medak,Farm pond,Narsampally,17.847561,78.549006,144,3.048,18-11-2025
Medak,Farm pond,Narsampally,17.847561,78.549006,144,3.048,19-11-2025,,2.438
Medak,Farm pond,Narsampally,17.847561,78.549006,144,3.048,20-11-2025,,2.499
Medak,Farm pond,Narsampally,17.847561,78.549006,144,3.048,21-11-2025
Medak,Farm pond,Narsampally,17.847561,78.549006,144,3.048,22-11-2025,0,2.469
Medak,Farm pond,Narsampally,17.847561,78.549006,144,3.048,23-11-2025,0
Medak,Farm pond,Narsampally,17.847561,78.549006,144,3.048,24-11-2025,,2.438
Medak,Farm pond,Narsampally,17.847561,78.549006,144,3.048,25-11-2025
Medak,Farm pond,Narsampally,17.847561,78.549006,144,3.048,26-11-2025
Medak,Farm pond,Narsampally,17.847561,78.549006,144,3.048,27-11-2025,,2.499
Medak,Farm pond,Narsampally,17.847561,78.549006,144,3.048,28-11-2025,,2.591
Medak,Farm pond,Narsampally,17.847561,78.549006,144,3.048,29-11-2025,,2.56
Medak,Farm pond,Narsampally,17.847561,78.549006,144,3.048,30-11-2025,,2.56
Medak,Farm pond,Narsampally,17.847561,78.549006,144,3.048,01-12-2025
Medak,Farm pond,Narsampally,17.847561,78.549006,144,3.048,02-12-2025,,2.591
Medak,Farm pond,Narsampally,17.847561,78.549006,144,3.048,03-12-2025
Medak,Farm pond,Narsampally,17.847561,78.549006,144,3.048,04-12-2025,,2.56
Medak,Farm pond,Narsampally,17.847561,78.549006,144,3.048,05-12-2025,,2.499
Medak,Farm pond,Narsampally,17.847561,78.549006,144,3.048,06-12-2025
Medak,Farm pond,Narsampally,17.847561,78.549006,144,3.048,07-12-2025,,2.499
Medak,Farm pond,Narsampally,17.847561,78.549006,144,3.048,08-12-2025
Medak,Farm pond,Narsampally,17.847561,78.549006,144,3.048,09-12-2025,,2.469
Medak,Farm pond,Narsampally,17.847561,78.549006,144,3.048,10-12-2025
Medak,Farm pond,Narsampally,17.847561,78.549006,144,3.048,11-12-2025
Medak,Farm pond,Narsampally,17.847561,78.549006,144,3.048,12-12-2025,,2.438
Medak,Farm pond,Narsampally,17.847561,78.549006,144,3.048,13-12-2025
Medak,Farm pond,Narsampally,17.847561,78.549006,144,3.048,14-12-2025,,2.408
Medak,Farm pond,Narsampally,17.847561,78.549006,144,3.048,15-12-2025
Medak,Farm pond,Narsampally,17.847561,78.549006,144,3.048,16-12-2025
Medak,Farm pond,Narsampally,17.847561,78.549006,144,3.048,17-12-2025,,2.408
Medak,Farm pond,Narsampally,17.847561,78.549006,144,3.048,18-12-2025
Medak,Farm pond,Narsampally,17.847561,78.549006,144,3.048,19-12-2025
Medak,Farm pond,Narsampally,17.847561,78.549006,144,3.048,20-12-2025,,2.408
Medak,Farm pond,Narsampally,17.847561,78.549006,144,3.048,21-12-2025
Medak,Farm pond,Narsampally,17.847561,78.549006,144,3.048,22-12-2025
Medak,Farm pond,Narsampally,17.847561,78.549006,144,3.048,23-12-2025,,2.073
Medak,Farm pond,Narsampally,17.847561,78.549006,144,3.048,24-12-2025
Medak,Farm pond,Narsampally,17.847561,78.549006,144,3.048,25-12-2025
Medak,Farm pond,Narsampally,17.847561,78.549006,144,3.048,26-12-2025,,2.103
Medak,Farm pond,Narsampally,17.847561,78.549006,144,3.048,27-12-2025
Medak,Farm pond,Narsampally,17.847561,78.549006,144,3.048,28-12-2025,0,2.103
Medak,Farm pond,Narsampally,17.847561,78.549006,144,3.048,29-12-2025,0
Medak,Farm pond,Narsampally,17.847561,78.549006,144,3.048,30-12-2025,0
Medak,Farm pond,Narsampally,17.847561,78.549006,144,3.048,31-12-2025
Medak,Farm pond,Narsampally,17.847561,78.549006,144,3.048,01-01-2026
Medak,Farm pond,Narsampally,17.847561,78.549006,144,3.048,02-01-2026
Medak,Farm pond,Narsampally,17.847561,78.549006,144,3.048,03-01-2026,1.6
Medak,Farm pond,Narsampally,17.847561,78.549006,144,3.048,04-01-2026,0,2.713
Medak,Farm pond,Narsampally,17.847561,78.549006,144,3.048,05-01-2026,0
Medak,Farm pond,Narsampally,17.847561,78.549006,144,3.048,06-01-2026,0,2.682
Medak,Farm pond,Narsampally,17.847561,78.549006,144,3.048,07-01-2026,0
Medak,Farm pond,Narsampally,17.847561,78.549006,144,3.048,08-01-2026,0,2.652
Medak,Farm pond,Narsampally,17.847561,78.549006,144,3.048,09-01-2026,0
Medak,Farm pond,Narsampally,17.847561,78.549006,144,3.048,10-01-2026,0,2.896
Medak,Farm pond,Narsampally,17.847561,78.549006,144,3.048,11-01-2026,0
Medak,Farm pond,Narsampally,17.847561,78.549006,144,3.048,12-01-2026,0
Medak,Farm pond,Narsampally,17.847561,78.549006,144,3.048,13-01-2026,0,2.804
Medak,Farm pond,Narsampally,17.847561,78.549006,144,3.048,14-01-2026,0
Medak,Farm pond,Narsampally,17.847561,78.549006,144,3.048,15-01-2026,0
Medak,Farm pond,Narsampally,17.847561,78.549006,144,3.048,16-01-2026,0,2.804
Medak,Farm pond,Narsampally,17.847561,78.549006,144,3.048,17-01-2026,0,2.713
Medak,Farm pond,Narsampally,17.847561,78.549006,144,3.048,18-01-2026,0,2.621
Medak,Farm pond,Narsampally,17.847561,78.549006,144,3.048,19-01-2026,0
Medak,Farm pond,Narsampally,17.847561,78.549006,144,3.048,20-01-2026,0
Medak,Farm pond,Narsampally,17.847561,78.549006,144,3.048,21-01-2026,0,2.621
Medak,Farm pond,Narsampally,17.847561,78.549006,144,3.048,22-01-2026,0
Medak,Farm pond,Narsampally,17.847561,78.549006,144,3.048,23-01-2026,0
Medak,Farm pond,Narsampally,17.847561,78.549006,144,3.048,24-01-2026,0,2.591
Medak,Farm pond,Narsampally,17.847561,78.549006,144,3.048,25-01-2026,0
Medak,Farm pond,Narsampally,17.847561,78.549006,144,3.048,26-01-2026,0
Medak,Farm pond,Narsampally,17.847561,78.549006,144,3.048,27-01-2026,0
Medak,Farm pond,Narsampally,17.847561,78.549006,144,3.048,28-01-2026,0
Medak,Farm pond,Narsampally,17.847561,78.549006,144,3.048,29-01-2026,0
Medak,Farm pond,Narsampally,17.847561,78.549006,144,3.048,30-01-2026,0
Medak,Farm pond,Narsampally,17.847561,78.549006,144,3.048,31-01-2026,0,2.865
Medak,Farm pond,Narsampally,17.847561,78.549006,144,3.048,01-02-2026,0
Medak,Farm pond,Narsampally,17.847561,78.549006,144,3.048,02-02-2026,0,2.896
Medak,Farm pond,Narsampally,17.847561,78.549006,144,3.048,03-02-2026,0
Medak,Farm pond,Narsampally,17.847561,78.549006,144,3.048,04-02-2026,0,2.926
Medak,Farm pond,Narsampally,17.847561,78.549006,144,3.048,05-02-2026,0
Medak,Farm pond,Narsampally,17.847561,78.549006,144,3.048,06-02-2026,0
Medak,Farm pond,Narsampally,17.847561,78.549006,144,3.048,07-02-2026,0,2.926
Medak,Farm pond,Narsampally,17.847561,78.549006,144,3.048,08-02-2026,0
Medak,Farm pond,Narsampally,17.847561,78.549006,144,3.048,09-02-2026,0,2.865
Medak,Farm pond,Narsampally,17.847561,78.549006,144,3.048,10-02-2026,0
Medak,Farm pond,Narsampally,17.847561,78.549006,144,3.048,11-02-2026,0,2.835
Medak,Farm pond,Narsampally,17.847561,78.549006,144,3.048,12-02-2026,0,2.713
Medak,Farm pond,Narsampally,17.847561,78.549006,144,3.048,13-02-2026,0
Medak,Farm pond,Narsampally,17.847561,78.549006,144,3.048,14-02-2026,0
Medak,Farm pond,Narsampally,17.847561,78.549006,144,3.048,15-02-2026,0,2.896
Medak,Farm pond,Narsampally,17.847561,78.549006,144,3.048,16-02-2026,0
Medak,Farm pond,Narsampally,17.847561,78.549006,144,3.048,17-02-2026,0
Medak,Farm pond,Narsampally,17.847561,78.549006,144,3.048,18-02-2026,0
Medak,Farm pond,Narsampally,17.847561,78.549006,144,3.048,19-02-2026,0
Medak,Farm pond,Narsampally,17.847561,78.549006,144,3.048,20-02-2026,0,2.957
Medak,Farm pond,Narsampally,17.847561,78.549006,144,3.048,21-02-2026,0
Medak,Farm pond,Narsampally,17.847561,78.549006,144,3.048,22-02-2026,0
Medak,Farm pond,Narsampally,17.847561,78.549006,144,3.048,23-02-2026,1.7,2.865
Medak,Farm pond,Narsampally,17.847561,78.549006,144,3.048,24-02-2026,0.1
Medak,Farm pond,Narsampally,17.847561,78.549006,144,3.048,25-02-2026,0
Medak,Farm pond,Narsampally,17.847561,78.549006,144,3.048,26-02-2026,0,2.621
Medak,Farm pond,Narsampally,17.847561,78.549006,144,3.048,27-02-2026,0,2.56
Medak,Farm pond,Narsampally,17.847561,78.549006,144,3.048,28-02-2026,0,2.56
Medak,Farm pond,Narsampally,17.847561,78.549006,144,3.048,01-03-2026,0
Medak,Farm pond,Narsampally,17.847561,78.549006,144,3.048,02-03-2026,0
Medak,Farm pond,Narsampally,17.847561,78.549006,144,3.048,03-03-2026,0,2.591
Medak,Farm pond,Narsampally,17.847561,78.549006,144,3.048,04-03-2026,0
Medak,Farm pond,Narsampally,17.847561,78.549006,144,3.048,05-03-2026,0
Medak,Farm pond,Narsampally,17.847561,78.549006,144,3.048,06-03-2026,0
Medak,Farm pond,Narsampally,17.847561,78.549006,144,3.048,07-03-2026,0,2.53
Medak,Farm pond,Narsampally,17.847561,78.549006,144,3.048,08-03-2026,0
Medak,Farm pond,Narsampally,17.847561,78.549006,144,3.048,09-03-2026,0
Medak,Farm pond,Narsampally,17.847561,78.549006,144,3.048,10-03-2026,0,2.53
Medak,Farm pond,Narsampally,17.847561,78.549006,144,3.048,11-03-2026,0
Medak,Farm pond,Narsampally,17.847561,78.549006,144,3.048,12-03-2026,0
Medak,Farm pond,Narsampally,17.847561,78.549006,144,3.048,13-03-2026,0,2.377
Medak,Farm pond,Narsampally,17.847561,78.549006,144,3.048,14-03-2026,0
Medak,Farm pond,Narsampally,17.847561,78.549006,144,3.048,15-03-2026,0
Medak,Farm pond,Narsampally,17.847561,78.549006,144,3.048,16-03-2026,7.5
Medak,Farm pond,Narsampally,17.847561,78.549006,144,3.048,17-03-2026,0,2.499
Medak,Farm pond,Narsampally,17.847561,78.549006,144,3.048,18-03-2026,0.7,2.835
Medak,Farm pond,Narsampally,17.847561,78.549006,144,3.048,19-03-2026,0
Medak,Farm pond,Narsampally,17.847561,78.549006,144,3.048,20-03-2026,0,2.713
Medak,Farm pond,Narsampally,17.847561,78.549006,144,3.048,21-03-2026,0
Medak,Farm pond,Narsampally,17.847561,78.549006,144,3.048,22-03-2026,0,2.865
Medak,Farm pond,Narsampally,17.847561,78.549006,144,3.048,23-03-2026,0,2.926
Medak,Farm pond,Narsampally,17.847561,78.549006,144,3.048,24-03-2026,0
Medak,Farm pond,Narsampally,17.847561,78.549006,144,3.048,25-03-2026,0
Medak,Farm pond,Narsampally,17.847561,78.549006,144,3.048,26-03-2026,0
Medak,Farm pond,Narsampally,17.847561,78.549006,144,3.048,27-03-2026,0,2.957
Medak,Farm pond,Narsampally,17.847561,78.549006,144,3.048,28-03-2026,0
Medak,Farm pond,Narsampally,17.847561,78.549006,144,3.048,29-03-2026,0,2.926
Medak,Farm pond,Narsampally,17.847561,78.549006,144,3.048,30-03-2026,0,2.957
Medak,Farm pond,Narsampally,17.847561,78.549006,144,3.048,31-03-2026,0
Medak,Farm pond,Narsampally,17.847561,78.549006,144,3.048,01-04-2026,0
Medak,Farm pond,Narsampally,17.847561,78.549006,144,3.048,02-04-2026,0
Medak,Farm pond,Narsampally,17.847561,78.549006,144,3.048,03-04-2026,0
Medak,Farm pond,Narsampally,17.847561,78.549006,144,3.048,04-04-2026,0,2.743
Medak,Farm pond,Narsampally,17.847561,78.549006,144,3.048,05-04-2026,1.5,2.682
Medak,Farm pond,Narsampally,17.847561,78.549006,144,3.048,06-04-2026,0,2.713
Medak,Farm pond,Narsampally,17.847561,78.549006,144,3.048,07-04-2026,0
Medak,Farm pond,Narsampally,17.847561,78.549006,144,3.048,08-04-2026,0
Medak,Farm pond,Narsampally,17.847561,78.549006,144,3.048,09-04-2026,0,2.377
Medak,Farm pond,Narsampally,17.847561,78.549006,144,3.048,10-04-2026,0
Medak,Farm pond,Narsampally,17.847561,78.549006,144,3.048,11-04-2026,0,2.408
Medak,Farm pond,Narsampally,17.847561,78.549006,144,3.048,12-04-2026,0
Medak,Farm pond,Narsampally,17.847561,78.549006,144,3.048,13-04-2026,0
Medak,Farm pond,Narsampally,17.847561,78.549006,144,3.048,14-04-2026,0
Medak,Farm pond,Narsampally,17.847561,78.549006,144,3.048,15-04-2026,0
Medak,Farm pond,Narsampally,17.847561,78.549006,144,3.048,16-04-2026,0,2.713
Medak,Farm pond,Narsampally,17.847561,78.549006,144,3.048,17-04-2026,0
Medak,Farm pond,Narsampally,17.847561,78.549006,144,3.048,18-04-2026,0
Medak,Farm pond,Narsampally,17.847561,78.549006,144,3.048,19-04-2026,0,2.499
Medak,Farm pond,Narsampally,17.847561,78.549006,144,3.048,20-04-2026,0
Medak,Farm pond,Narsampally,17.847561,78.549006,144,3.048,21-04-2026,0
Medak,Farm pond,Narsampally,17.847561,78.549006,144,3.048,22-04-2026,0,2.286
Medak,Farm pond,Narsampally,17.847561,78.549006,144,3.048,23-04-2026,1.3
Medak,Farm pond,Narsampally,17.847561,78.549006,144,3.048,24-04-2026,0
Medak,Farm pond,Narsampally,17.847561,78.549006,144,3.048,25-04-2026,0,2.377
Medak,Farm pond,Narsampally,17.847561,78.549006,144,3.048,26-04-2026,0
Medak,Farm pond,Narsampally,17.847561,78.549006,144,3.048,27-04-2026,0
Medak,Farm pond,Narsampally,17.847561,78.549006,144,3.048,28-04-2026,0,2.377
Medak,Farm pond,Narsampally,17.847561,78.549006,144,3.048,29-04-2026,0
Medak,Farm pond,Narsampally,17.847561,78.549006,144,3.048,30-04-2026,0,2.53
Medak,Farm pond,Narsampally,17.847561,78.549006,144,3.048,01-05-2026,0
Medak,Farm pond,Narsampally,17.847561,78.549006,144,3.048,02-05-2026,0
Medak,Farm pond,Narsampally,17.847561,78.549006,144,3.048,03-05-2026,0
Medak,Farm pond,Narsampally,17.847561,78.549006,144,3.048,04-05-2026,0,2.286
Medak,Farm pond,Narsampally,17.847561,78.549006,144,3.048,05-05-2026,16.2
Medak,Farm pond,Narsampally,17.847561,78.549006,144,3.048,06-05-2026,0,2.195
Medak,Farm pond,Narsampally,17.847561,78.549006,144,3.048,07-05-2026,0
Medak,Farm pond,Narsampally,17.847561,78.549006,144,3.048,08-05-2026,0.4
Medak,Farm pond,Narsampally,17.847561,78.549006,144,3.048,09-05-2026,0,1.89
Medak,Farm pond,Narsampally,17.847561,78.549006,144,3.048,10-05-2026,0
Medak,Farm pond,Narsampally,17.847561,78.549006,144,3.048,11-05-2026,0
Medak,Farm pond,Narsampally,17.847561,78.549006,144,3.048,12-05-2026,0,1.89
Medak,Farm pond,Narsampally,17.847561,78.549006,144,3.048,13-05-2026,0
Medak,Farm pond,Narsampally,17.847561,78.549006,144,3.048,14-05-2026,0,1.92
Medak,Farm pond,Narsampally,17.847561,78.549006,144,3.048,15-05-2026,0
Medak,Farm pond,Narsampally,17.847561,78.549006,144,3.048,16-05-2026,0
Medak,Farm pond,Narsampally,17.847561,78.549006,144,3.048,17-05-2026,0,1.89
Medak,Farm pond,Narsampally,17.847561,78.549006,144,3.048,18-05-2026,0
Medak,Farm pond,Narsampally,17.847561,78.549006,144,3.048,19-05-2026,11
Medak,Farm pond,Narsampally,17.847561,78.549006,144,3.048,20-05-2026,0
Medak,Farm pond,Narsampally,17.847561,78.549006,144,3.048,21-05-2026,0,1.981
Medak,Farm pond,Narsampally,17.847561,78.549006,144,3.048,22-05-2026,0
Medak,Farm pond,Narsampally,17.847561,78.549006,144,3.048,23-05-2026,0,1.768
Medak,Farm pond,Narsampally,17.847561,78.549006,144,3.048,24-05-2026,0
Medak,Farm pond,Narsampally,17.847561,78.549006,144,3.048,25-05-2026,0
Medak,Farm pond,Narsampally,17.847561,78.549006,144,3.048,26-05-2026,16.5,2.073
Medak,Farm pond,Narsampally,17.847561,78.549006,144,3.048,27-05-2026,21.8
Medak,Farm pond,Narsampally,17.847561,78.549006,144,3.048,28-05-2026,0
Medak,Farm pond,Narsampally,17.847561,78.549006,144,3.048,29-05-2026,0
Medak,Farm pond,Narsampally,17.847561,78.549006,144,3.048,30-05-2026,0
Medak,Farm pond,Narsampally,17.847561,78.549006,144,3.048,31-05-2026,0
Medak,Farm pond,Narsampally,17.847561,78.549006,144,3.048,01-06-2026,0.1,2.438
Medak,Farm pond,Narsampally,17.847561,78.549006,144,3.048,02-06-2026,0
Medak,Farm pond,Narsampally,17.847561,78.549006,144,3.048,03-06-2026,0
Medak,Farm pond,Narsampally,17.847561,78.549006,144,3.048,04-06-2026,0,2.408
Medak,Farm pond,Narsampally,17.847561,78.549006,144,3.048,05-06-2026,0
Medak,Farm pond,Narsampally,17.847561,78.549006,144,3.048,06-06-2026,0
Medak,Farm pond,Narsampally,17.847561,78.549006,144,3.048,07-06-2026,38.7,2.377
Medak,Farm pond,Narsampally,17.847561,78.549006,144,3.048,08-06-2026,0.2
Medak,Farm pond,Narsampally,17.847561,78.549006,144,3.048,09-06-2026,0
Medak,Farm pond,Narsampally,17.847561,78.549006,144,3.048,10-06-2026,0,2.438
Medak,Farm pond,Narsampally,17.847561,78.549006,144,3.048,11-06-2026,0
Medak,Farm pond,Narsampally,17.847561,78.549006,144,3.048,12-06-2026,0.8
Medak,Farm pond,Narsampally,17.847561,78.549006,144,3.048,13-06-2026,4.6
Medak,Farm pond,Narsampally,17.847561,78.549006,144,3.048,14-06-2026,0.9,2.377
Medak,Farm pond,Narsampally,17.847561,78.549006,144,3.048,15-06-2026,0,2.316
Medak,Farm pond,Narsampally,17.847561,78.549006,144,3.048,16-06-2026,0
Medak,Farm pond,Narsampally,17.847561,78.549006,144,3.048,17-06-2026,0,2.195
Medak,Farm pond,Narsampally,17.847561,78.549006,144,3.048,18-06-2026,0
Medak,Farm pond,Narsampally,17.847561,78.549006,144,3.048,19-06-2026,0
Medak,Farm pond,Narsampally,17.847561,78.549006,144,3.048,20-06-2026,0,2.195
Medak,Farm pond,Narsampally,17.847561,78.549006,144,3.048,21-06-2026,0.1
Medak,Farm pond,Narsampally,17.847561,78.549006,144,3.048,22-06-2026,0.1
Medak,Farm pond,Narsampally,17.847561,78.549006,144,3.048,23-06-2026,8.2,2.195
Medak,Farm pond,Narsampally,17.847561,78.549006,144,3.048,24-06-2026,0.1
Medak,Farm pond,Narsampally,17.847561,78.549006,144,3.048,25-06-2026,8.1
Medak,Farm pond,Narsampally,17.847561,78.549006,144,3.048,26-06-2026,0.2
Medak,Farm pond,Narsampally,17.847561,78.549006,144,3.048,27-06-2026,0
Medak,Farm pond,Narsampally,17.847561,78.549006,144,3.048,28-06-2026,5.1
Medak,Farm pond,Narsampally,17.847561,78.549006,144,3.048,29-06-2026,0,2.591
Medak,Farm pond,Narsampally,17.847561,78.549006,144,3.048,30-06-2026,19.7